{
    "Title": "2.5-Dimensional Diver",
    "Artist": "218",
    "Circle": "",
    "Magazine": "Comic Bavel 2022-04",
    "Parody": "Original Work",
    "Tags": [
        "Blowjob",
        "Busty",
        "Color",
        "Creampie",
        "Heart Pupils",
        "Hentai",
        "Light Hair",
        "Stockings",
        "Twintails",
        "Uncensored",
        "Unlimited",
        "Very Long Hair",
        "Vtuber",
        "X-Ray"
    ],
    "Pages": "4 pages",
    "OfficialSource": "fakku.net"
}