{
    "Title": "Drowning in Admiration - Another Side",
    "Artist": "Aoiro Ichigou",
    "Circle": "",
    "Magazine": "COMIC Aoha 2019 Summer",
    "Parody": "Original Work",
    "Tags": [
        "Booty",
        "Busty",
        "Cheating",
        "Creampie",
        "Deepthroat",
        "Eyebrows",
        "Hentai",
        "Netorare",
        "Ponytail",
        "Schoolgirl Outfit",
        "Socks",
        "Uncensored",
        "Unlimited",
        "X-Ray"
    ],
    "Pages": "16 pages",
    "OfficialSource": ""
}