{
    "Title": "My Secret Pet",
    "Artist": "Ame Arare",
    "Circle": "",
    "Magazine": "COMIC Shitsurakuten 2018-07",
    "Parody": "Original Work",
    "Tags": [
        "Ahegao",
        "Blowjob",
        "Busty",
        "Condom",
        "Creampie",
        "Exhibitionism",
        "Filming",
        "Heart Pupils",
        "Hentai",
        "Paizuri",
        "Pubic Hair",
        "Schoolgirl Outfit",
        "Socks",
        "Toys",
        "Twintails",
        "Uncensored",
        "Unlimited",
        "X-Ray"
    ],
    "Pages": "20 pages",
    "OfficialSource": ""
}