{
    "Title": "I'm Terribly Sorry, But The 3rd Adventure Log Seems to Have Disappeared",
    "Artist": "Akazawa RED",
    "Circle": "KAMINENDO.CORP",
    "Magazine": "",
    "Parody": "Original Work",
    "Tags": [
        "Ahegao",
        "Blindfold",
        "Booty",
        "Doujin",
        "Fangs",
        "Fantasy",
        "Femboy",
        "Group",
        "Hentai",
        "Horns",
        "Huge Boobs",
        "Inverted Nipples",
        "Monster Girl",
        "Pegging",
        "Stockings",
        "Succubus",
        "Uncensored",
        "X-Ray"
    ],
    "Pages": "35 pages",
    "OfficialSource": ""
}