{
    "Title": "I'm Terribly Sorry, But The 2nd Adventure Log Seems to Have Disappeared",
    "Artist": "Akazawa RED",
    "Circle": "KAMINENDO.CORP",
    "Magazine": "",
    "Parody": "Original Work",
    "Tags": [
        "Ahegao",
        "Booty",
        "Busty",
        "Creampie",
        "Crotch Tattoo",
        "Doujin",
        "Fantasy",
        "Femdom",
        "Group",
        "Hentai",
        "Horns",
        "Huge Boobs",
        "Impregnation",
        "Monster Girl",
        "Pegging",
        "Stockings",
        "Succubus",
        "Uncensored",
        "X-Ray"
    ],
    "Pages": "29 pages",
    "OfficialSource": ""
}