{
    "Title": "I'm Terribly Sorry, But The 8th Adventure Log Seems to Have Disappeared",
    "Artist": "Akazawa RED",
    "Circle": "KAMINENDO.CORP",
    "Magazine": "",
    "Parody": "Original Work",
    "Tags": [
        "Ahegao",
        "Cosplay",
        "Creampie",
        "Crotch Tattoo",
        "Double Penetration",
        "Doujin",
        "Fantasy",
        "Femdom",
        "Hentai",
        "Horns",
        "Horror",
        "Huge Boobs",
        "Light Hair",
        "Pegging",
        "Petite",
        "Stockings",
        "Succubus",
        "Twintails",
        "Uncensored",
        "Very Long Hair",
        "X-Ray",
        "Yuri"
    ],
    "Pages": "97 pages",
    "OfficialSource": "fakku.net"
}