{
    "Title": "The Adventurer's Log Has Been Fully Recovered - Vol. 1",
    "Artist": "Akazawa RED",
    "Circle": "KAMINENDO.CORP",
    "Magazine": "",
    "Parody": "Original Work",
    "Tags": [
        "Ahegao",
        "Anal",
        "Blowjob",
        "Booty",
        "Busty",
        "Creampie",
        "Crotch Tattoo",
        "Doujin",
        "Fantasy",
        "Femdom",
        "Futanari",
        "Group",
        "Harem",
        "Heart Pupils",
        "Hentai",
        "Horns",
        "Horror",
        "Huge Boobs",
        "Impregnation",
        "Light Hair",
        "Monster Girl",
        "Nun",
        "Pegging",
        "Petite",
        "Rimjob",
        "Short Hair",
        "Squirting",
        "Stockings",
        "Succubus",
        "Uncensored",
        "Very Long Hair",
        "X-Ray"
    ],
    "Pages": "180 pages",
    "OfficialSource": "fakku.net"
}