{
    "Title": "Determined Fragrance",
    "Artist": "88",
    "Circle": "",
    "Magazine": "Comic Bavel 2023-03",
    "Parody": "Original Work",
    "Tags": [
        "Busty",
        "Condom",
        "Eyebrows",
        "Hentai",
        "Lingerie",
        "Over-Eye Bangs",
        "Ponytail",
        "Schoolgirl Outfit",
        "Socks",
        "Tall Girl",
        "Teacher",
        "Uncensored",
        "Unlimited",
        "Vanilla",
        "X-Ray"
    ],
    "Pages": "24 pages",
    "OfficialSource": "fakku.net"
}