{
    "Title": "Intoxicating Aroma",
    "Artist": "88",
    "Circle": "",
    "Magazine": "Comic Bavel 2022-01",
    "Parody": "Original Work",
    "Tags": [
        "Ahegao",
        "Beauty Mark",
        "Big Dick",
        "Blowjob",
        "Booty",
        "Busty",
        "Condom",
        "Cunnilingus",
        "Fingering",
        "Heart Pupils",
        "Hentai",
        "Kogal",
        "Muscles",
        "Ojou-Sama",
        "Schoolgirl Outfit",
        "Socks",
        "Squirting",
        "Uncensored",
        "Unlimited",
        "Vanilla",
        "X-Ray"
    ],
    "Pages": "28 pages",
    "OfficialSource": ""
}