{
    "Title": "Soft Affection",
    "Artist": "88",
    "Circle": "",
    "Magazine": "Comic Bavel 2022-09",
    "Parody": "Original Work",
    "Tags": [
        "Booty",
        "Busty",
        "Condom",
        "Eyebrows",
        "Fingering",
        "Hentai",
        "Inverted Nipples",
        "Light Hair",
        "Osananajimi",
        "Schoolgirl Outfit",
        "Short Hair",
        "Uncensored",
        "Unlimited",
        "Vanilla",
        "X-Ray"
    ],
    "Pages": "24 pages",
    "OfficialSource": "fakku.net"
}