{
    "Title": "Sweet Whisper ❤",
    "Artist": "88",
    "Circle": "",
    "Magazine": "Comic Bavel 2021-08",
    "Parody": "Original Work",
    "Tags": [
        "Blowjob",
        "Booty",
        "Creampie",
        "Cunnilingus",
        "Dark Skin",
        "Eyebrows",
        "Glasses",
        "Hentai",
        "Huge Boobs",
        "Kogal",
        "Lingerie",
        "Piercing",
        "Schoolgirl Outfit",
        "Sixty-Nine",
        "Socks",
        "Uncensored",
        "Unlimited",
        "Vanilla",
        "X-Ray"
    ],
    "Pages": "22 pages",
    "OfficialSource": ""
}