{
    "Title": "Bullied ~Revenge Hypnosis~",
    "Artist": "Aiue Oka",
    "Circle": "",
    "Magazine": "COMIC X-Eros #53",
    "Parody": "Original Work",
    "Tags": [
        "Ahegao",
        "Anal",
        "Blowjob",
        "Book",
        "Busty",
        "Creampie",
        "Dark Skin",
        "Delinquent",
        "Facesitting",
        "Femdom",
        "FFFM Foursome",
        "Glasses",
        "Group",
        "Harem",
        "Hentai",
        "Impregnation",
        "Masturbation",
        "Ojou-Sama",
        "Paizuri",
        "Pregnant",
        "Pubic Hair",
        "Rimjob",
        "Schoolgirl Outfit",
        "Socks",
        "Story Arc",
        "Tanlines",
        "Toys",
        "Ugly Bastard",
        "Uncensored",
        "X-Ray"
    ],
    "Pages": "28 pages",
    "OfficialSource": ""
}