{
    "Title": "Bullied ~Revenge Hypnosis~ Finale",
    "Artist": "Aiue Oka",
    "Circle": "",
    "Magazine": "COMIC X-Eros #74",
    "Parody": "Original Work",
    "Tags": [
        "Creampie",
        "FFFM Foursome",
        "Group",
        "Harem",
        "Hentai",
        "Impregnation",
        "Pregnant",
        "Pubic Hair",
        "Schoolgirl Outfit",
        "Story Arc",
        "Tanlines",
        "Ugly Bastard",
        "Uncensored",
        "Unlimited",
        "X-Ray"
    ],
    "Pages": "24 pages",
    "OfficialSource": ""
}