{
    "Title": "Bullied ~Revenge Hypnosis~ #5",
    "Artist": "Aiue Oka",
    "Circle": "",
    "Magazine": "COMIC X-Eros #66",
    "Parody": "Original Work",
    "Tags": [
        "Ahegao",
        "Anal",
        "Blowjob",
        "Booty",
        "Busty",
        "Cosplay",
        "Creampie",
        "Deepthroat",
        "Exhibitionism",
        "FFFM Foursome",
        "Filming",
        "Harem",
        "Hentai",
        "Impregnation",
        "Masturbation",
        "Pubic Hair",
        "Schoolgirl Outfit",
        "Socks",
        "Story Arc",
        "Tanlines",
        "Toys",
        "Ugly Bastard",
        "Uncensored",
        "Unlimited",
        "X-Ray"
    ],
    "Pages": "37 pages",
    "OfficialSource": ""
}