{
    "Title": "Bullied ~Revenge Hypnosis~ #3",
    "Artist": "Aiue Oka",
    "Circle": "",
    "Magazine": "COMIC X-Eros #61",
    "Parody": "Original Work",
    "Tags": [
        "Blowjob",
        "Busty",
        "Creampie",
        "Dark Skin",
        "Facesitting",
        "Femdom",
        "Group",
        "Hentai",
        "Ojou-Sama",
        "Pubic Hair",
        "Rimjob",
        "Story Arc",
        "Tanlines",
        "Tsundere",
        "Ugly Bastard",
        "Uncensored",
        "Unlimited",
        "X-Ray"
    ],
    "Pages": "28 pages",
    "OfficialSource": ""
}