{
    "Title": "Bullied ~Final Act Part 2~",
    "Artist": "Aiue Oka",
    "Circle": "",
    "Magazine": "COMIC X-Eros #73",
    "Parody": "Original Work",
    "Tags": [
        "Ahegao",
        "Busty",
        "Creampie",
        "FFFM Foursome",
        "Hentai",
        "Pregnant",
        "Pubic Hair",
        "Schoolgirl Outfit",
        "Socks",
        "Story Arc",
        "Ugly Bastard",
        "Uncensored",
        "Unlimited",
        "X-Ray"
    ],
    "Pages": "20 pages",
    "OfficialSource": ""
}