{
    "Title": "Bullied ~Revenge Hypnosis~ #2",
    "Artist": "Aiue Oka",
    "Circle": "",
    "Magazine": "COMIC X-Eros #55",
    "Parody": "Original Work",
    "Tags": [
        "Blowjob",
        "Creampie",
        "Cunnilingus",
        "Facesitting",
        "Femdom",
        "FFFM Foursome",
        "Group",
        "Hentai",
        "Ojou-Sama",
        "Rimjob",
        "Schoolgirl Outfit",
        "Story Arc",
        "Tanlines",
        "Ugly Bastard",
        "Uncensored",
        "Unlimited",
        "X-Ray"
    ],
    "Pages": "26 pages",
    "OfficialSource": ""
}