{
    "Title": "Bullied ~Revenge Hypnosis~ #4",
    "Artist": "Aiue Oka",
    "Circle": "",
    "Magazine": "COMIC X-Eros #63",
    "Parody": "Original Work",
    "Tags": [
        "Ahegao",
        "Anal",
        "Booty",
        "Creampie",
        "Dark Skin",
        "FFFM Foursome",
        "Group",
        "Hentai",
        "Rimjob",
        "Schoolgirl Outfit",
        "Story Arc",
        "Tanlines",
        "Ugly Bastard",
        "Uncensored",
        "Unlimited"
    ],
    "Pages": "22 pages",
    "OfficialSource": ""
}