{
    "Title": "Deflowered Maiden",
    "Artist": "Aiue Oka",
    "Circle": "",
    "Magazine": "COMIC X-Eros #43",
    "Parody": "Original Work",
    "Tags": [
        "Blowjob",
        "Booty",
        "Busty",
        "Creampie",
        "Cunnilingus",
        "Deepthroat",
        "Filming",
        "Group",
        "Hentai",
        "Huge Boobs",
        "Humiliation",
        "Pubic Hair",
        "Schoolgirl Outfit",
        "Stockings",
        "Story Arc",
        "Teacher",
        "Ugly Bastard",
        "Uncensored",
        "X-Ray"
    ],
    "Pages": "40 pages",
    "OfficialSource": ""
}