{
    "Title": "Girlfriend Next Door",
    "Artist": "Aiue Oka",
    "Circle": "",
    "Magazine": "COMIC X-Eros #32",
    "Parody": "Original Work",
    "Tags": [
        "Busty",
        "Chubby",
        "Creampie",
        "Cunnilingus",
        "Filming",
        "Fingering",
        "Handjob",
        "Hentai",
        "Huge Boobs",
        "Netorare",
        "Osananajimi",
        "Ponytail",
        "Pubic Hair",
        "Schoolgirl Outfit",
        "Socks",
        "Squirting",
        "Swimsuit",
        "Uncensored",
        "Unlimited",
        "Voyeurism"
    ],
    "Pages": "40 pages",
    "OfficialSource": ""
}