{
    "Title": "Hypnotic Sexual Counseling 4 (Part 2)",
    "Artist": "Aiue Oka",
    "Circle": "50on!",
    "Magazine": "",
    "Parody": "Original Work",
    "Tags": [
        "Ahegao",
        "Blowjob",
        "Booty",
        "Busty",
        "Cheating",
        "Creampie",
        "Doujin",
        "Group",
        "Harem",
        "Hentai",
        "Housewife",
        "Huge Boobs",
        "Impregnation",
        "Milf",
        "Netorare",
        "Netorase",
        "Ponytail",
        "Pubic Hair",
        "Sixty-Nine",
        "Story Arc",
        "Ugly Bastard",
        "Uncensored",
        "Voyeurism",
        "X-Ray"
    ],
    "Pages": "67 pages",
    "OfficialSource": ""
}