{
    "Title": "Hypnotic Sexual Counseling: Compilation 1",
    "Artist": "Aiue Oka",
    "Circle": "50on!",
    "Magazine": "",
    "Parody": "Original Work",
    "Tags": [
        "Ahegao",
        "Blowjob",
        "Booty",
        "Bukkake",
        "Busty",
        "Cheating",
        "Creampie",
        "Cunnilingus",
        "Dark Skin",
        "Doujin",
        "Exhibitionism",
        "Filming",
        "Glasses",
        "Group",
        "Harem",
        "Hentai",
        "Kogal",
        "Netorare",
        "Petite",
        "Ponytail",
        "Pubic Hair",
        "Schoolgirl Outfit",
        "Socks",
        "Stockings",
        "Story Arc",
        "Ugly Bastard",
        "Uncensored",
        "X-Ray"
    ],
    "Pages": "226 pages",
    "OfficialSource": ""
}