{
    "Title": "Hypnotic Sexual Counseling 2.75",
    "Artist": "Aiue Oka",
    "Circle": "50on!",
    "Magazine": "",
    "Parody": "Original Work",
    "Tags": [
        "Blowjob",
        "Busty",
        "Creampie",
        "Doujin",
        "Group",
        "Harem",
        "Hentai",
        "Ponytail",
        "Pubic Hair",
        "Schoolgirl Outfit",
        "Socks",
        "Ugly Bastard",
        "Uncensored",
        "X-Ray"
    ],
    "Pages": "35 pages",
    "OfficialSource": "fakku.net"
}