{
    "Title": "Hypnotic Sexual Counseling - Natsumi Obata",
    "Artist": "Aiue Oka",
    "Circle": "50on!",
    "Magazine": "",
    "Parody": "Original Work",
    "Tags": [
        "Ahegao",
        "Big Dick",
        "Busty",
        "Cheating",
        "Creampie",
        "Doujin",
        "Hentai",
        "Housewife",
        "Ponytail",
        "Pubic Hair",
        "Story Arc",
        "Ugly Bastard",
        "Uncensored",
        "X-Ray"
    ],
    "Pages": "31 pages",
    "OfficialSource": ""
}