{
    "Title": "Hypnotic Sexual Counseling - Reika Kurashiki's Case",
    "Artist": "Aiue Oka",
    "Circle": "50on!",
    "Magazine": "",
    "Parody": "Original Work",
    "Tags": [
        "Ahegao",
        "Blowjob",
        "Booty",
        "Busty",
        "Creampie",
        "Doujin",
        "Hentai",
        "Impregnation",
        "Office Lady",
        "Pubic Hair",
        "Stockings",
        "Story Arc",
        "Ugly Bastard",
        "Uncensored",
        "X-Ray"
    ],
    "Pages": "19 pages",
    "OfficialSource": ""
}