{
    "Title": "Hypnotic Sexual Counseling 4 (Part 1)",
    "Artist": "Aiue Oka",
    "Circle": "50on!",
    "Magazine": "",
    "Parody": "Original Work",
    "Tags": [
        "Blowjob",
        "Busty",
        "Cheating",
        "Creampie",
        "Doujin",
        "Hentai",
        "Netorare",
        "Ponytail",
        "Pubic Hair",
        "Schoolgirl Outfit",
        "Socks",
        "Story Arc",
        "Ugly Bastard",
        "Uncensored",
        "Voyeurism",
        "X-Ray"
    ],
    "Pages": "37 pages",
    "OfficialSource": ""
}