{
    "Title": "Hypnotic Sexual Counseling 3",
    "Artist": "Aiue Oka",
    "Circle": "50on!",
    "Magazine": "",
    "Parody": "Original Work",
    "Tags": [
        "Ahegao",
        "Blowjob",
        "Booty",
        "Busty",
        "Cheating",
        "Creampie",
        "Doujin",
        "Filming",
        "Hentai",
        "Netorare",
        "Ponytail",
        "Schoolgirl Outfit",
        "Ugly Bastard",
        "Uncensored",
        "X-Ray"
    ],
    "Pages": "43 pages",
    "OfficialSource": ""
}