{
    "Title": "Mingling Maidens",
    "Artist": "Aiue Oka",
    "Circle": "",
    "Magazine": "COMIC X-Eros #45",
    "Parody": "Original Work",
    "Tags": [
        "Blowjob",
        "Booty",
        "Bukkake",
        "Busty",
        "Creampie",
        "Fingering",
        "Group",
        "Hentai",
        "Huge Boobs",
        "Pubic Hair",
        "Schoolgirl Outfit",
        "Stockings",
        "Story Arc",
        "Teacher",
        "Twintails",
        "Ugly Bastard",
        "Uncensored",
        "X-Ray"
    ],
    "Pages": "28 pages",
    "OfficialSource": ""
}