{
    "Title": "Moonflower",
    "Artist": "Aiue Oka",
    "Circle": "",
    "Magazine": "COMIC X-Eros #35",
    "Parody": "Original Work",
    "Tags": [
        "Ahegao",
        "Blowjob",
        "Booty",
        "Busty",
        "Creampie",
        "Deepthroat",
        "Filming",
        "Hentai",
        "Huge Boobs",
        "Impregnation",
        "Lingerie",
        "Milf",
        "Paizuri",
        "Pubic Hair",
        "Stockings",
        "Teacher",
        "Ugly Bastard",
        "Uncensored",
        "X-Ray"
    ],
    "Pages": "32 pages",
    "OfficialSource": ""
}