{
    "Title": "Secret Engagement",
    "Artist": "Aiue Oka",
    "Circle": "50on!",
    "Magazine": "",
    "Parody": "Go! Princess PreCure",
    "Tags": [
        "Blowjob",
        "Busty",
        "Color",
        "Creampie",
        "Doujin",
        "Group",
        "Harem",
        "Hentai",
        "Impregnation",
        "Paizuri",
        "Ponytail",
        "Pregnant",
        "Schoolgirl Outfit",
        "Socks",
        "Stockings",
        "Tsundere",
        "Ugly Bastard",
        "Uncensored"
    ],
    "Pages": "36 pages",
    "OfficialSource": ""
}