{
    "Title": "Soiled Girlfriend",
    "Artist": "Aiue Oka",
    "Circle": "",
    "Magazine": "COMIC X-Eros #37",
    "Parody": "Original Work",
    "Tags": [
        "Ahegao",
        "Blowjob",
        "Booty",
        "Cheating",
        "Chubby",
        "Creampie",
        "Deepthroat",
        "Filming",
        "Hentai",
        "Huge Boobs",
        "Netorare",
        "Netorase",
        "Osananajimi",
        "Ponytail",
        "Pubic Hair",
        "Stockings",
        "Ugly Bastard",
        "Uncensored",
        "Voyeurism"
    ],
    "Pages": "24 pages",
    "OfficialSource": ""
}