{
    "Title": "Summer Fuck",
    "Artist": "Aiue Oka",
    "Circle": "",
    "Magazine": "COMIC X-Eros #48",
    "Parody": "Original Work",
    "Tags": [
        "Ahegao",
        "Anal",
        "Blowjob",
        "Bukkake",
        "Busty",
        "Cheating",
        "Creampie",
        "Filming",
        "Group",
        "Handjob",
        "Hentai",
        "Huge Boobs",
        "Netorare",
        "Pubic Hair",
        "Swimsuit",
        "Ugly Bastard",
        "Uncensored",
        "X-Ray"
    ],
    "Pages": "18 pages",
    "OfficialSource": ""
}