{
    "Title": "Getting Busy With a Junior",
    "Artist": "Akagi Asahito",
    "Circle": "",
    "Magazine": "COMIC Kairakuten BEAST 2018-01",
    "Parody": "Original Work",
    "Tags": [
        "Big Dick",
        "Busty",
        "Cunnilingus",
        "Facesitting",
        "Femdom",
        "Hentai",
        "Pubic Hair",
        "Schoolgirl Outfit",
        "Socks",
        "Squirting",
        "Uncensored",
        "Unlimited",
        "X-Ray"
    ],
    "Pages": "18 pages",
    "OfficialSource": ""
}