{
    "Title": "President \u0026 Pure Hearts",
    "Artist": "Akagi Asahito",
    "Circle": "",
    "Magazine": "COMIC Kairakuten BEAST 2017-09",
    "Parody": "Original Work",
    "Tags": [
        "Beauty Mark",
        "Big Dick",
        "Blowjob",
        "Bondage",
        "Cunnilingus",
        "Dark Skin",
        "Facesitting",
        "Femdom",
        "Group",
        "Heart Pupils",
        "Hentai",
        "Kogal",
        "Schoolgirl Outfit",
        "Socks",
        "Uncensored",
        "Unlimited"
    ],
    "Pages": "18 pages",
    "OfficialSource": ""
}