{
    "Title": "President \u0026 Orgy",
    "Artist": "Akagi Asahito",
    "Circle": "",
    "Magazine": "COMIC Kairakuten BEAST 2018-05",
    "Parody": "Original Work",
    "Tags": [
        "Beauty Mark",
        "Big Dick",
        "Busty",
        "Creampie",
        "Dark Skin",
        "Femdom",
        "FFFM Foursome",
        "Fingering",
        "Harem",
        "Heart Pupils",
        "Hentai",
        "Kimono",
        "Kogal",
        "Pubic Hair",
        "Rimjob",
        "Uncensored",
        "Unlimited"
    ],
    "Pages": "20 pages",
    "OfficialSource": ""
}