{
    "Title": "Spending a Sweaty, Lazy Summer With My Delinquent Girlfriend",
    "Artist": "Akagi Asahito",
    "Circle": "140km/H",
    "Magazine": "",
    "Parody": "Original Work",
    "Tags": [
        "Bathroom",
        "Blowjob",
        "Busty",
        "Creampie",
        "Delinquent",
        "Doujin",
        "Fingering",
        "Heart Pupils",
        "Hentai",
        "Piercing",
        "Pubic Hair",
        "Tsundere",
        "Uncensored",
        "Vanilla",
        "X-Ray"
    ],
    "Pages": "37 pages",
    "OfficialSource": "fakku.net"
}