{
    "Title": "My Brother Is Worthless!",
    "Artist": "Aoba Hachi",
    "Circle": "",
    "Magazine": "COMIC Bavel 2017-09",
    "Parody": "Original Work",
    "Tags": [
        "Beauty Mark",
        "Blowjob",
        "Creampie",
        "Cunnilingus",
        "Hentai",
        "Incest",
        "Loli",
        "Shimapan",
        "Sixty-Nine",
        "Socks",
        "Tsundere",
        "Twintails",
        "Uncensored",
        "Unlimited",
        "Vanilla"
    ],
    "Pages": "16 pages",
    "OfficialSource": ""
}