{
    "Title": "An Alt Account Girl's Alternate Face",
    "Artist": "Akagi Kuro",
    "Circle": "",
    "Magazine": "COMIC X-Eros #85",
    "Parody": "Original Work",
    "Tags": [
        "Ahegao",
        "Booty",
        "Busty",
        "Creampie",
        "Face Mask",
        "Filming",
        "Heart Pupils",
        "Hentai",
        "Masturbation",
        "Paizuri",
        "Schoolgirl Outfit",
        "Stockings",
        "Toys",
        "Uncensored",
        "Unlimited",
        "X-Ray"
    ],
    "Pages": "20 pages",
    "OfficialSource": ""
}