{
    "Title": "If a Destitute Student Like Me Keeps Going to This Run-Down Bathhouse...",
    "Artist": "Akagi Kuro",
    "Circle": "",
    "Magazine": "Weekly Kairakuten 2019-12",
    "Parody": "Original Work",
    "Tags": [
        "Ahegao",
        "Creampie",
        "Heart Pupils",
        "Hentai",
        "Huge Boobs",
        "Paizuri",
        "Ponytail",
        "Rimjob",
        "Swimsuit",
        "Uncensored",
        "Unlimited",
        "Vanilla"
    ],
    "Pages": "21 pages",
    "OfficialSource": ""
}