{
    "Title": "My Plain-Looking Junior is my Club's Cosplay Booth Babe",
    "Artist": "Akagi Kuro",
    "Circle": "",
    "Magazine": "COMIC X-Eros #79",
    "Parody": "Original Work",
    "Tags": [
        "Ahegao",
        "Big Dick",
        "Booty",
        "Catgirl",
        "Cosplay",
        "Creampie",
        "Exhibitionism",
        "Glasses",
        "Headphones",
        "Heart Pupils",
        "Hentai",
        "Huge Boobs",
        "Squirting",
        "Uncensored",
        "Unlimited",
        "X-Ray"
    ],
    "Pages": "22 pages",
    "OfficialSource": ""
}