{
    "Title": "Virgin Gamer VS Kogal",
    "Artist": "Akagi Kuro",
    "Circle": "",
    "Magazine": "COMIC X-Eros #83",
    "Parody": "Original Work",
    "Tags": [
        "Ahegao",
        "Blowjob",
        "Booty",
        "Busty",
        "Creampie",
        "Cunnilingus",
        "Exhibitionism",
        "Facesitting",
        "Heart Pupils",
        "Hentai",
        "Kogal",
        "Schoolgirl Outfit",
        "Uncensored",
        "Unlimited",
        "Vanilla",
        "X-Ray"
    ],
    "Pages": "18 pages",
    "OfficialSource": ""
}