{
    "Title": "Sweet Life in Another World 5: Are You Into An Elf Mom?",
    "Artist": "Anzayuu",
    "Circle": "",
    "Magazine": "",
    "Parody": "",
    "Tags": [
        "Ahegao",
        "Big Breasts",
        "Bukkake",
        "Comics R18",
        "Creampie",
        "Elf",
        "Fantasy",
        "Fantasy Harem",
        "Femdom",
        "Group",
        "Handjob",
        "Isekai",
        "Masturbation",
        "Milf",
        "Monster Girl",
        "Non Human",
        "Older Woman",
        "Oneesan",
        "Rimjob",
        "Voyeurism"
    ],
    "Pages": "39 pages",
    "OfficialSource": "irodoricomics.com"
}