{
    "Title": "Sweet Life in Another World 4: Elf Ladies and the Mysterious Mushrooms",
    "Artist": "Anzayuu",
    "Circle": "",
    "Magazine": "",
    "Parody": "Original Work",
    "Tags": [
        "Ahegao",
        "Blowjob",
        "Busty",
        "Creampie",
        "Dark Skin",
        "Doujin",
        "Elf",
        "Fantasy",
        "Group",
        "Hentai",
        "Isekai",
        "Shota",
        "Uncensored",
        "X-Ray"
    ],
    "Pages": "35 pages",
    "OfficialSource": ""
}