{
    "Title": "Sweet Life in Another World 2: Are You Into An Older Elf Lady’s Friend?",
    "Artist": "Anzayuu",
    "Circle": "Dekoboko HURRICANE",
    "Magazine": "",
    "Parody": "Original Work",
    "Tags": [
        "Busty",
        "Creampie",
        "Dark Skin",
        "Doujin",
        "Elf",
        "Fantasy",
        "Heart Pupils",
        "Hentai",
        "Isekai",
        "Milf",
        "Uncensored",
        "X-Ray"
    ],
    "Pages": "40 pages",
    "OfficialSource": ""
}