{
    "Title": "Sweet Life in Another World 3: Are You Into Older Elf Ladies?",
    "Artist": "Anzayuu",
    "Circle": "Dekoboko HURRICANE",
    "Magazine": "",
    "Parody": "Original Work",
    "Tags": [
        "Booty",
        "Busty",
        "Creampie",
        "Dark Skin",
        "Doujin",
        "Elf",
        "Fantasy",
        "Group",
        "Hentai",
        "Huge Boobs",
        "Illustration",
        "Isekai",
        "Milf",
        "Mosaics",
        "Uncensored",
        "X-Ray"
    ],
    "Pages": "57 pages",
    "OfficialSource": ""
}