{
    "Title": "Bridal Fantasy",
    "Artist": "Aja",
    "Circle": "",
    "Magazine": "COMIC Kairakuten 2020-12",
    "Parody": "Original Work",
    "Tags": [
        "Ahegao",
        "Big Dick",
        "Biting",
        "Creampie",
        "Cunnilingus",
        "Fangs",
        "Fantasy",
        "Fingering",
        "Heart Pupils",
        "Hentai",
        "Horns",
        "Monster Girl",
        "Muscles",
        "Petite",
        "Squirting",
        "Twintails",
        "Uncensored",
        "Unlimited",
        "Vanilla",
        "X-Ray"
    ],
    "Pages": "22 pages",
    "OfficialSource": ""
}