{
    "Title": "School of the Seven Sisters - Chapter 1: Playing House",
    "Artist": "Akatsuki Myuuto",
    "Circle": "",
    "Magazine": "",
    "Parody": "",
    "Tags": [
        "Big Breasts",
        "Blowjob",
        "Bukkake",
        "Comics R18",
        "Creampie",
        "Cunnilingus",
        "Dark Skin",
        "Facesitting",
        "Group",
        "Harem",
        "New Artist Release",
        "Ponytail",
        "Pubic Hair",
        "Rimjob",
        "Tanlines",
        "Thicc",
        "Tomboy",
        "Twintails"
    ],
    "Pages": "66 pages",
    "OfficialSource": "irodoricomics.com"
}