{
    "Title": "School of the Seven Sisters - Chapter 5: Slippery Sisters",
    "Artist": "Akatsuki Myuuto",
    "Circle": "",
    "Magazine": "",
    "Parody": "",
    "Tags": [
        "Big Breasts",
        "Big Dick",
        "Blowjob",
        "Bukkake",
        "Comics R18",
        "Creampie",
        "Cunnilingus",
        "Group",
        "Handjob",
        "Harem",
        "Isekai",
        "Oneesan",
        "Paizuri",
        "Pubic Hair",
        "Thicc",
        "Twintails",
        "Vanilla"
    ],
    "Pages": "56 pages",
    "OfficialSource": "irodoricomics.com"
}