{
    "Title": "School of the Seven Sisters - Chapter 2: Bathtime",
    "Artist": "Akatsuki Myuuto",
    "Circle": "",
    "Magazine": "",
    "Parody": "",
    "Tags": [
        "Big Breasts",
        "Blowjob",
        "Comics New Releases",
        "Comics R18",
        "Creampie",
        "Dark Skin",
        "Group",
        "Harem",
        "New Artist Release",
        "Paizuri",
        "Ponytail",
        "Pubic Hair",
        "Rimjob",
        "Tanlines",
        "Thicc",
        "Tomboy",
        "Twintails"
    ],
    "Pages": "64 pages",
    "OfficialSource": "irodoricomics.com"
}