{
    "Title": "School of the Seven Sisters - Chapter 4: Playing Doctor",
    "Artist": "Akatsuki Myuuto",
    "Circle": "Akatsukiya",
    "Magazine": "",
    "Parody": "",
    "Tags": [
        "Big Breasts",
        "Blowjob",
        "Comics New Releases",
        "Comics R18",
        "Creampie",
        "Fantasy",
        "Group",
        "Handjob",
        "Harem",
        "Paizuri",
        "Ponytail",
        "Pubic Hair",
        "Swimsuit",
        "Threesome",
        "Tomboy",
        "Twintails"
    ],
    "Pages": "57 pages",
    "OfficialSource": "irodoricomics.com"
}