{
    "Title": "School of the Seven Sisters - Chapter 3: Hide and Seek",
    "Artist": "Akatsuki Myuuto",
    "Circle": "Akatsukiya",
    "Magazine": "",
    "Parody": "",
    "Tags": [
        "Big Breasts",
        "Blowjob",
        "Comics R18",
        "Creampie",
        "Fantasy",
        "Group",
        "Handjob",
        "Harem",
        "Ponytail",
        "Pubic Hair",
        "Thicc",
        "Tomboy",
        "Twintails"
    ],
    "Pages": "60 pages",
    "OfficialSource": "irodoricomics.com"
}