{
    "Title": "Ako \u0026 Kaoru Fight! ❤",
    "Artist": "Ao Banana",
    "Circle": "",
    "Magazine": "COMIC Shitsurakuten 2017-07",
    "Parody": "Original Work",
    "Tags": [
        "Ahegao",
        "Big Dick",
        "Blowjob",
        "Busty",
        "Condom",
        "Creampie",
        "Dark Skin",
        "Facesitting",
        "Fangs",
        "Glasses",
        "Group",
        "Heart Pupils",
        "Hentai",
        "Inverted Nipples",
        "Kogal",
        "Muscles",
        "Paizuri",
        "Pubic Hair",
        "Schoolgirl Outfit",
        "Socks",
        "Squirting",
        "Teacher",
        "Uncensored"
    ],
    "Pages": "22 pages",
    "OfficialSource": ""
}