{
    "Title": "Heart Teach",
    "Artist": "Ao Banana",
    "Circle": "",
    "Magazine": "COMIC Shitsurakuten 2017-03",
    "Parody": "Original Work",
    "Tags": [
        "Ahegao",
        "Beauty Mark",
        "Big Dick",
        "Blowjob",
        "Booty",
        "Bukkake",
        "Busty",
        "Creampie",
        "Deepthroat",
        "Heart Pupils",
        "Hentai",
        "Lingerie",
        "Paizuri",
        "Stockings",
        "Teacher",
        "Uncensored",
        "Unlimited"
    ],
    "Pages": "20 pages",
    "OfficialSource": ""
}