{
    "Title": "Izumi Being Watched!",
    "Artist": "Ao Banana",
    "Circle": "",
    "Magazine": "COMIC Shitsurakuten 2017-05",
    "Parody": "Original Work",
    "Tags": [
        "Ahegao",
        "Big Dick",
        "Blindfold",
        "Bondage",
        "Bukkake",
        "Creampie",
        "Exhibitionism",
        "Heart Pupils",
        "Hentai",
        "Masturbation",
        "Schoolgirl Outfit",
        "Socks",
        "Squirting",
        "Uncensored",
        "Unlimited"
    ],
    "Pages": "20 pages",
    "OfficialSource": ""
}