{
    "Title": "Kozue Does Her Best ❤︎",
    "Artist": "Ao Banana",
    "Circle": "",
    "Magazine": "COMIC Shitsurakuten 2016-12",
    "Parody": "Original Work",
    "Tags": [
        "Ahegao",
        "Beauty Mark",
        "Blowjob",
        "Booty",
        "Busty",
        "Creampie",
        "Fingering",
        "Heart Pupils",
        "Hentai",
        "Lingerie",
        "Masturbation",
        "Paizuri",
        "Squirting",
        "Stockings",
        "Teacher",
        "Uncensored",
        "X-Ray"
    ],
    "Pages": "20 pages",
    "OfficialSource": ""
}