{
    "Title": "Naughty Bath Matsuri-chan",
    "Artist": "Ao Banana",
    "Circle": "",
    "Magazine": "COMIC Shitsurakuten 2016-04",
    "Parody": "Original Work",
    "Tags": [
        "Ahegao",
        "Bathhouse",
        "Beauty Mark",
        "Blowjob",
        "Busty",
        "Creampie",
        "Dark Skin",
        "Eyebrows",
        "Heart Pupils",
        "Hentai",
        "Leg Lock",
        "Muscles",
        "Swimsuit",
        "Tanlines",
        "Uncensored",
        "Unlimited",
        "X-Ray"
    ],
    "Pages": "20 pages",
    "OfficialSource": ""
}