{
    "Title": "Pleasurable Work",
    "Artist": "Ao Banana",
    "Circle": "",
    "Magazine": "COMIC Shitsurakuten 2016-06",
    "Parody": "Original Work",
    "Tags": [
        "Ahegao",
        "Big Dick",
        "Blowjob",
        "Busty",
        "Creampie",
        "Deepthroat",
        "Heart Pupils",
        "Hentai",
        "Paizuri",
        "Pubic Hair",
        "Squirting",
        "Tomboy",
        "Uncensored",
        "Unlimited",
        "X-Ray"
    ],
    "Pages": "16 pages",
    "OfficialSource": ""
}