{
    "Title": "Runaway Regulations",
    "Artist": "Ao Banana",
    "Circle": "",
    "Magazine": "COMIC Shitsurakuten 2016-10",
    "Parody": "Original Work",
    "Tags": [
        "Ahegao",
        "Big Dick",
        "Blowjob",
        "Busty",
        "Creampie",
        "Dark Skin",
        "Heart Pupils",
        "Hentai",
        "Kogal",
        "Paizuri",
        "Twintails",
        "Uncensored",
        "Unlimited",
        "Vanilla"
    ],
    "Pages": "14 pages",
    "OfficialSource": ""
}