{
    "Title": "Yariko-san of the Toilet",
    "Artist": "Ao Banana",
    "Circle": "",
    "Magazine": "COMIC Shitsurakuten 2017-12",
    "Parody": "Original Work",
    "Tags": [
        "Anal",
        "Bathroom",
        "Blowjob",
        "Booty",
        "Busty",
        "Creampie",
        "Filming",
        "Hentai",
        "Monster Girl",
        "Schoolgirl Outfit",
        "Spirit",
        "Stockings",
        "Uncensored",
        "Unlimited",
        "X-Ray"
    ],
    "Pages": "16 pages",
    "OfficialSource": ""
}