{
    "Title": "Defiled Water AFTERDARK",
    "Artist": "Akuochisukii Sensei",
    "Circle": "Akuochisukii Classroom",
    "Magazine": "",
    "Parody": "Precure",
    "Tags": [
        "Ahegao",
        "Big Dick",
        "Busty",
        "Color",
        "Doujin",
        "Forced",
        "Futanari",
        "Group",
        "Hentai",
        "Huge Boobs",
        "Magical Girl",
        "Orgy",
        "Ponytail",
        "Tentacles",
        "Twintails",
        "Uncensored",
        "Very Long Hair",
        "X-Ray",
        "Yuri"
    ],
    "Pages": "52 pages",
    "OfficialSource": "fakku.net"
}