{
    "Title": "Defiled Water",
    "Artist": "Akuochisukii Sensei",
    "Circle": "Akuochisukii Classroom",
    "Magazine": "",
    "Parody": "Precure",
    "Tags": [
        "Ahegao",
        "Busty",
        "Color",
        "Creampie",
        "Doujin",
        "Forced",
        "Futanari",
        "Group",
        "Heart Pupils",
        "Hentai",
        "Lactation",
        "Magical Girl",
        "Masturbation",
        "Ponytail",
        "Socks",
        "Uncensored",
        "X-Ray",
        "Yuri"
    ],
    "Pages": "39 pages",
    "OfficialSource": "fakku.net"
}