{
    "Title": "Succubus Reincarnation",
    "Artist": "Akuochisukii Sensei",
    "Circle": "Akuochisukii Classroom",
    "Magazine": "",
    "Parody": "Pretty Cure",
    "Tags": [
        "Ahegao",
        "Blowjob",
        "Busty",
        "Color",
        "Doujin",
        "Femdom",
        "Futanari",
        "Genderbend",
        "Heart Pupils",
        "Hentai",
        "Magical Girl",
        "Monster Girl",
        "Spats",
        "Succubus",
        "Uncensored",
        "X-Ray",
        "Yuri"
    ],
    "Pages": "43 pages",
    "OfficialSource": "fakku.net"
}