{
    "Title": "Let's Study With Nee-chan!",
    "Artist": "Aikunn8",
    "Circle": "",
    "Magazine": "Comic X-Eros #94",
    "Parody": "Original Work",
    "Tags": [
        "Ahegao",
        "Blowjob",
        "Booty",
        "Chubby",
        "Creampie",
        "Heart Pupils",
        "Hentai",
        "Huge Boobs",
        "Incest",
        "Paizuri",
        "Pubic Hair",
        "Schoolgirl Outfit",
        "Shota",
        "Squirting",
        "Uncensored",
        "Unlimited",
        "X-Ray"
    ],
    "Pages": "20 pages",
    "OfficialSource": ""
}