{
    "Title": "Milk is King \u0026 I'm Its Servant",
    "Artist": "Aikunn8",
    "Circle": "",
    "Magazine": "Weekly Kairakuten 2023-01",
    "Parody": "Original Work",
    "Tags": [
        "Ahegao",
        "Big Dick",
        "Booty",
        "Creampie",
        "Fangs",
        "Heart Pupils",
        "Hentai",
        "Huge Boobs",
        "Lactation",
        "Schoolgirl Outfit",
        "Shortstack",
        "Socks",
        "Squirting",
        "Tsundere",
        "Uncensored",
        "Unlimited",
        "Very Long Hair",
        "X-Ray"
    ],
    "Pages": "18 pages",
    "OfficialSource": "fakku.net"
}