{
    "Title": "Ms. PussyClit or How I Learned to Stop Worrying about Being Caught and Became a Human Toilet at a Doujin Event",
    "Artist": "[email protected][email protected]",
    "Circle": "Akiba Maou",
    "Magazine": "",
    "Parody": "Original Work",
    "Tags": [
        "Anal",
        "Blowjob",
        "Busty",
        "Cunnilingus",
        "Doujin",
        "Exhibitionism",
        "Glasses",
        "Hentai",
        "Stockings",
        "Toys",
        "Uncensored"
    ],
    "Pages": "25 pages",
    "OfficialSource": ""
}