{
    "Title": "Romantic Love Drill",
    "Artist": "[email protected][email protected]",
    "Circle": "",
    "Magazine": "Comic Bavel 2016-03",
    "Parody": "Original Work",
    "Tags": [
        "Blowjob",
        "Busty",
        "Creampie",
        "Handjob",
        "Heart Pupils",
        "Hentai",
        "Kogal",
        "Ponytail",
        "Pubic Hair",
        "Schoolgirl Outfit",
        "Socks",
        "Uncensored",
        "Unlimited",
        "Vanilla",
        "X-Ray"
    ],
    "Pages": "20 pages",
    "OfficialSource": ""
}