{
    "Title": "Serious Sister Sex Sketchbook",
    "Artist": "[email protected][email protected]",
    "Circle": "Akiba Maou",
    "Magazine": "",
    "Parody": "Original Work",
    "Tags": [
        "Blowjob",
        "Booty",
        "Busty",
        "Creampie",
        "Cunnilingus",
        "Doujin",
        "Exhibitionism",
        "Heart Pupils",
        "Hentai",
        "Incest",
        "Schoolgirl Outfit",
        "Socks",
        "Uncensored"
    ],
    "Pages": "28 pages",
    "OfficialSource": ""
}