{
    "Title": "Sexually Training a Runaway Kansai Girl",
    "Artist": "[email protected][email protected]",
    "Circle": "Akiba Maou",
    "Magazine": "",
    "Parody": "Original Work",
    "Tags": [
        "Ahegao",
        "Blindfold",
        "Blowjob",
        "Bondage",
        "Creampie",
        "Doujin",
        "Fangs",
        "Hentai",
        "Huge Boobs",
        "Schoolgirl Outfit",
        "Short Hair",
        "Socks",
        "Squirting",
        "Toys",
        "Uncensored",
        "X-Ray"
    ],
    "Pages": "25 pages",
    "OfficialSource": "fakku.net"
}