{
    "Title": "The Sword and the Beast",
    "Artist": "Aimitsu",
    "Circle": "",
    "Magazine": "Isekairakuten Vol.16",
    "Parody": "Original Work",
    "Tags": [
        "Ahegao",
        "Big Dick",
        "Booty",
        "Catgirl",
        "Chubby",
        "Creampie",
        "Elf",
        "Exhibitionism",
        "Eyebrows",
        "Fangs",
        "Fantasy",
        "Futanari",
        "Heart Pupils",
        "Hentai",
        "Huge Boobs",
        "Light Hair",
        "Pubic Hair",
        "Spirit",
        "Twintails",
        "Uncensored",
        "Unlimited",
        "Very Long Hair"
    ],
    "Pages": "23 pages",
    "OfficialSource": "fakku.net"
}