{
    "Title": "An Older Wife's Supple Cage",
    "Artist": "Akari Blast!",
    "Circle": "",
    "Magazine": "",
    "Parody": "Original Work",
    "Tags": [
        "Ahegao",
        "Blowjob",
        "Booty",
        "Cheating",
        "Condom",
        "Creampie",
        "Doujin",
        "Femdom",
        "Heart Pupils",
        "Hentai",
        "Huge Boobs",
        "Lingerie",
        "Office Lady",
        "Paizuri",
        "Pubic Hair",
        "Uncensored",
        "X-Ray",
        "Yandere"
    ],
    "Pages": "50 pages",
    "OfficialSource": ""
}