{
    "Title": "The Hostess of This Esteemed Hot Springs is a Shameless Sex Addict -Chapter 2-",
    "Artist": "Akari Blast!",
    "Circle": "",
    "Magazine": "",
    "Parody": "",
    "Tags": [
        "Ahegao",
        "Big Breasts",
        "Cheating",
        "Comic Market 100 New Releases",
        "Comics R18",
        "Creampie",
        "Exhibitionism",
        "Heart Pupils",
        "Housewife",
        "Humiliation",
        "Lingerie",
        "Masturbation",
        "Milf",
        "Pubic Hair",
        "Squirting",
        "Stockings",
        "Thicc"
    ],
    "Pages": "48 pages",
    "OfficialSource": "irodoricomics.com"
}