{
    "Title": "The Hostess of This Esteemed Hot Springs is a Shameless Sex Addict",
    "Artist": "Akari Blast!",
    "Circle": "",
    "Magazine": "",
    "Parody": "",
    "Tags": [
        "Ahegao",
        "Big Breasts",
        "Big Dick",
        "Blowjob",
        "Bukkake",
        "Cheating",
        "Costume",
        "Creampie",
        "Cunnilingus",
        "Handjob",
        "Heart Pupils",
        "Housewife",
        "Humiliation",
        "Milf",
        "New Releases",
        "Outdoor",
        "Paizuri",
        "Ponytail",
        "Pubic Hair",
        "R18",
        "Squirting",
        "Thicc"
    ],
    "Pages": "50 pages",
    "OfficialSource": ""
}