{
    "Title": "The Binding Bride's Garden 2",
    "Artist": "Akari Blast!",
    "Circle": "",
    "Magazine": "",
    "Parody": "Original Work",
    "Tags": [
        "Ahegao",
        "Blowjob",
        "Busty",
        "Creampie",
        "Doujin",
        "Hentai",
        "Ojou-Sama",
        "Pubic Hair",
        "Schoolgirl Outfit",
        "Squirting",
        "Stockings",
        "Teacher",
        "Twintails",
        "Uncensored",
        "Voyeurism",
        "X-Ray",
        "Yandere"
    ],
    "Pages": "50 pages",
    "OfficialSource": "fakku.net"
}