{
    "Title": "The Binding Bride's Garden",
    "Artist": "Akari Blast!",
    "Circle": "",
    "Magazine": "",
    "Parody": "Original Work",
    "Tags": [
        "Ahegao",
        "Booty",
        "Busty",
        "Creampie",
        "Doujin",
        "Hentai",
        "Pubic Hair",
        "Schoolgirl Outfit",
        "Socks",
        "Squirting",
        "Teacher",
        "Tomboy",
        "Uncensored",
        "Voyeurism",
        "Yandere"
    ],
    "Pages": "43 pages",
    "OfficialSource": ""
}