{
    "Title": "My Dirty Little Secret with Senpai",
    "Artist": "Alexa Mahone",
    "Circle": "Alexa Thunder",
    "Magazine": "",
    "Parody": "Original Work",
    "Tags": [
        "Color",
        "Creampie",
        "Doujin",
        "Glasses",
        "Hentai",
        "Petite",
        "Pubic Hair",
        "Schoolgirl Outfit",
        "Short Hair",
        "Socks",
        "Uncensored",
        "Vanilla",
        "X-Ray"
    ],
    "Pages": "92 pages",
    "OfficialSource": "fakku.net"
}