{
    "Title": "I Wanna Control, Control, and Control You",
    "Artist": "Akai Mato",
    "Circle": "",
    "Magazine": "Girls forM Vol.13",
    "Parody": "Original Work",
    "Tags": [
        "Blowjob",
        "Cheerleader",
        "Crossdressing",
        "Femdom",
        "Handjob",
        "Hentai",
        "Lingerie",
        "No Sex",
        "Orgasm Denial",
        "Ponytail",
        "Schoolgirl Outfit",
        "Toys",
        "Uncensored",
        "Unlimited"
    ],
    "Pages": "12 pages",
    "OfficialSource": ""
}