{
    "Title": "Boy Meets Worst Girl",
    "Artist": "Akutenkou",
    "Circle": "",
    "Magazine": "Comic Shitsurakuten 2021-10",
    "Parody": "Original Work",
    "Tags": [
        "Ahegao",
        "Beauty Mark",
        "Blowjob",
        "Busty",
        "Creampie",
        "Delinquent",
        "Fangs",
        "Femdom",
        "Forced",
        "Hentai",
        "Love Hotel",
        "Mating Press",
        "Piercing",
        "Pubic Hair",
        "Tall Girl",
        "Thigh Job",
        "Toys",
        "Uncensored",
        "Unlimited"
    ],
    "Pages": "20 pages",
    "OfficialSource": ""
}