{
    "Title": "Look At Me",
    "Artist": "Akutenkou",
    "Circle": "",
    "Magazine": "COMIC Shitsurakuten 2019-12",
    "Parody": "Original Work",
    "Tags": [
        "Ahegao",
        "Beauty Mark",
        "Big Dick",
        "Booty",
        "Cheating",
        "Cosplay",
        "Creampie",
        "Femdom",
        "Filming",
        "Handjob",
        "Hentai",
        "Horns",
        "Housewife",
        "Huge Boobs",
        "Milf",
        "Pubic Hair",
        "Stockings",
        "Succubus",
        "Uncensored",
        "Unlimited"
    ],
    "Pages": "20 pages",
    "OfficialSource": ""
}