{
    "Title": "Will You Forgive My Sloppiness?",
    "Artist": "Akutenkou",
    "Circle": "",
    "Magazine": "COMIC Shitsurakuten 2020-08",
    "Parody": "Original Work",
    "Tags": [
        "Ahegao",
        "Beauty Mark",
        "Booty",
        "Busty",
        "Chubby",
        "Creampie",
        "Deepthroat",
        "Hentai",
        "Osananajimi",
        "Pubic Hair",
        "Squirting",
        "Uncensored",
        "Unlimited",
        "X-Ray"
    ],
    "Pages": "20 pages",
    "OfficialSource": ""
}