{
    "Title": "A Heated Cat Fight",
    "Artist": "Aki",
    "Circle": "Akikaze Asparagus",
    "Magazine": "",
    "Parody": "Fate Series",
    "Tags": [
        "Ahegao",
        "Bathroom",
        "Blowjob",
        "Busty",
        "Catgirl",
        "Creampie",
        "Doujin",
        "FFM Threesome",
        "Group",
        "Heart Pupils",
        "Hentai",
        "Maid",
        "Monster Girl",
        "Ponytail",
        "Uncensored"
    ],
    "Pages": "24 pages",
    "OfficialSource": "fakku.net"
}