{
    "Title": "...No Way, No How, Never!",
    "Artist": "Akashi Rokuro",
    "Circle": "",
    "Magazine": "COMIC Kairakuten 2020-05",
    "Parody": "Original Work",
    "Tags": [
        "Blowjob",
        "Creampie",
        "Cunnilingus",
        "Deepthroat",
        "Fingering",
        "Glasses",
        "Hentai",
        "Incest",
        "Loli",
        "Squirting",
        "Tsundere",
        "Twintails",
        "Uncensored",
        "Unlimited",
        "X-Ray"
    ],
    "Pages": "20 pages",
    "OfficialSource": ""
}