{
    "Title": "Little Big Sister",
    "Artist": "Akashi Rokuro",
    "Circle": "",
    "Magazine": "COMIC Kairakuten 2021-05",
    "Parody": "Original Work",
    "Tags": [
        "Beauty Mark",
        "Busty",
        "Creampie",
        "Fingering",
        "Heart Pupils",
        "Hentai",
        "Incest",
        "Loli",
        "Paizuri",
        "Petite",
        "Shortstack",
        "Uncensored",
        "Unlimited",
        "Vanilla",
        "X-Ray"
    ],
    "Pages": "18 pages",
    "OfficialSource": ""
}