{
    "Title": "Wanna Have a Threeway?",
    "Artist": "Akashi Rokuro",
    "Circle": "",
    "Magazine": "Comic Kairakuten 2021-08",
    "Parody": "Original Work",
    "Tags": [
        "Beauty Mark",
        "Blowjob",
        "Creampie",
        "FFM Threesome",
        "Fingering",
        "Glasses",
        "Group",
        "Hentai",
        "Incest",
        "Loli",
        "Petite",
        "Ponytail",
        "Schoolgirl Outfit",
        "Twintails",
        "Uncensored",
        "Unlimited",
        "X-Ray"
    ],
    "Pages": "18 pages",
    "OfficialSource": ""
}