{
    "Title": "A Girl with Impure Desires",
    "Artist": "Akuma",
    "Circle": "",
    "Magazine": "COMIC Europa Vol.18",
    "Parody": "Original Work",
    "Tags": [
        "Anal",
        "Big Dick",
        "Blowjob",
        "Bukkake",
        "Creampie",
        "Double Penetration",
        "Exhibitionism",
        "Group",
        "Hentai",
        "Orgy",
        "Schoolgirl Outfit",
        "Stockings",
        "Uncensored",
        "Unlimited"
    ],
    "Pages": "10 pages",
    "OfficialSource": ""
}