{
    "Title": "Don't Tell Sensei",
    "Artist": "Akuma",
    "Circle": "",
    "Magazine": "COMIC Bavel 2018-10",
    "Parody": "Original Work",
    "Tags": [
        "Anal",
        "Blowjob",
        "Creampie",
        "Double Penetration",
        "Exhibitionism",
        "Forced",
        "Group",
        "Handjob",
        "Hentai",
        "Humiliation",
        "Netorare",
        "Netori",
        "Schoolgirl Outfit",
        "Socks",
        "Squirting",
        "Toys",
        "Uncensored",
        "Unlimited",
        "Voyeurism",
        "X-Ray"
    ],
    "Pages": "10 pages",
    "OfficialSource": ""
}