{
    "Title": "Gentlemen Only Girl",
    "Artist": "Akuma",
    "Circle": "",
    "Magazine": "COMIC Bavel 2018-06",
    "Parody": "Original Work",
    "Tags": [
        "Ahegao",
        "Anal",
        "Blowjob",
        "Busty",
        "Creampie",
        "Double Penetration",
        "Group",
        "Hentai",
        "Kogal",
        "MMMF Foursome",
        "Schoolgirl Outfit",
        "Stockings",
        "Twintails",
        "Uncensored",
        "Unlimited"
    ],
    "Pages": "10 pages",
    "OfficialSource": ""
}