{
    "Title": "Selfie Girl",
    "Artist": "Akuma",
    "Circle": "",
    "Magazine": "COMIC Bavel 2017-06",
    "Parody": "Original Work",
    "Tags": [
        "Ahegao",
        "Anal",
        "Booty",
        "Creampie",
        "Double Penetration",
        "Exhibitionism",
        "Filming",
        "Forced",
        "Group",
        "Hentai",
        "Schoolgirl Outfit",
        "Stockings",
        "Twintails",
        "Uncensored",
        "Unlimited"
    ],
    "Pages": "8 pages",
    "OfficialSource": ""
}