{
    "Title": "That Time I Confessed to My Crush, But It Was All a Trap to Turn Me Into a Slut",
    "Artist": "Akuma",
    "Circle": "",
    "Magazine": "COMIC Bavel 2019-07",
    "Parody": "Original Work",
    "Tags": [
        "Anal",
        "Big Dick",
        "Blowjob",
        "Creampie",
        "Double Penetration",
        "Eyebrows",
        "Group",
        "Hentai",
        "Humiliation",
        "Schoolgirl Outfit",
        "Socks",
        "Squirting",
        "Uncensored",
        "Unlimited"
    ],
    "Pages": "10 pages",
    "OfficialSource": ""
}