{
    "Title": "Crossdressing and Getting Fucked by Futanari Alters to Learn the Pleasure of Being a Woman",
    "Artist": "Aimaitei Umami",
    "Circle": "",
    "Magazine": "",
    "Parody": "Fate Series",
    "Tags": [
        "Ahegao",
        "Anal",
        "Big Dick",
        "Blowjob",
        "Busty",
        "Crossdressing",
        "Deepthroat",
        "Doujin",
        "Femboy",
        "Futanari",
        "Group",
        "Hentai",
        "Ponytail",
        "Pubic Hair",
        "Stockings",
        "Uncensored",
        "X-Ray"
    ],
    "Pages": "26 pages",
    "OfficialSource": ""
}