{
    "Title": "I Want Your Virginity Tonight, Percival",
    "Artist": "Aimaitei Umami",
    "Circle": "",
    "Magazine": "",
    "Parody": "Granblue Fantasy",
    "Tags": [
        "Anal",
        "Big Dick",
        "Blowjob",
        "Busty",
        "Doujin",
        "Futanari",
        "Heart Pupils",
        "Hentai",
        "Muscles",
        "Pegging",
        "Pubic Hair",
        "Rimjob",
        "Uncensored",
        "X-Ray"
    ],
    "Pages": "26 pages",
    "OfficialSource": ""
}