{
    "Title": "I Wanna Eat Sleep-Deprived Stuffy Futa Cock",
    "Artist": "Aimaitei Umami",
    "Circle": "",
    "Magazine": "",
    "Parody": "Fate Series",
    "Tags": [
        "Ahegao",
        "Anal",
        "Big Dick",
        "Blowjob",
        "Busty",
        "Doujin",
        "Futanari",
        "Glasses",
        "Handjob",
        "Heart Pupils",
        "Hentai",
        "Pubic Hair",
        "Stockings",
        "Twintails",
        "Uncensored",
        "X-Ray"
    ],
    "Pages": "33 pages",
    "OfficialSource": ""
}