{
    "Title": "I Would Never Get Tricked Into Going on a Private Study Date With My Tan Gal Girlfriend Only to Instantly Get Used as a Submissive Anal Fucktoy for Her Huge Cock!",
    "Artist": "Aimaitei Umami",
    "Circle": "Aimaitei",
    "Magazine": "",
    "Parody": "Original Work",
    "Tags": [
        "Ahegao",
        "Anal",
        "Big Dick",
        "Blowjob",
        "Busty",
        "Dark Skin",
        "Doujin",
        "Femdom",
        "Futanari",
        "Glasses",
        "Heart Pupils",
        "Hentai",
        "Kogal",
        "Pubic Hair",
        "Uncensored",
        "X-Ray"
    ],
    "Pages": "26 pages",
    "OfficialSource": ""
}