{
    "Title": "Naughty Futa Pics Collection",
    "Artist": "Aimaitei Umami",
    "Circle": "",
    "Magazine": "",
    "Parody": "Original Work",
    "Tags": [
        "Ahegao",
        "Anal",
        "Big Dick",
        "Bukkake",
        "Busty",
        "Crossdressing",
        "Doujin",
        "Femboy",
        "Femdom",
        "FFM Threesome",
        "Futanari",
        "Group",
        "Heart Pupils",
        "Hentai",
        "Uncensored",
        "X-Ray"
    ],
    "Pages": "72 pages",
    "OfficialSource": ""
}