{
    "Title": "That Time When I, an Exorcist, Lost to Futanari Demon Cock",
    "Artist": "Aimaitei Umami",
    "Circle": "Aimaitei",
    "Magazine": "",
    "Parody": "Original Work",
    "Tags": [
        "Ahegao",
        "Anal",
        "Big Dick",
        "Blowjob",
        "Busty",
        "Creampie",
        "Crotch Tattoo",
        "Dark Skin",
        "Deepthroat",
        "Doujin",
        "Femdom",
        "Futanari",
        "Genderbend",
        "Glasses",
        "Hairy Armpit",
        "Hentai",
        "Horns",
        "Monster Girl",
        "Pegging",
        "Pubic Hair",
        "Stockings",
        "Succubus",
        "Uncensored",
        "X-Ray",
        "Yuri"
    ],
    "Pages": "34 pages",
    "OfficialSource": ""
}