{
    "Title": "Big Bug Lovers",
    "Artist": "7zu7",
    "Circle": "",
    "Magazine": "Comic Bavel 2016-03",
    "Parody": "Original Work",
    "Tags": [
        "Anal",
        "Beauty Mark",
        "Busty",
        "Creampie",
        "Deepthroat",
        "Double Penetration",
        "Forced",
        "Hentai",
        "Horror",
        "Pubic Hair",
        "Stockings",
        "Tentacles",
        "Uncensored",
        "Unlimited",
        "X-Ray"
    ],
    "Pages": "24 pages",
    "OfficialSource": ""
}