{
    "Title": "Brothel ~Unwanted Corruption~",
    "Artist": "7zu7",
    "Circle": "",
    "Magazine": "Comic Bavel 2016-05",
    "Parody": "Original Work",
    "Tags": [
        "Ahegao",
        "Anal",
        "Busty",
        "Exhibitionism",
        "Forced",
        "Group",
        "Hentai",
        "Monster Girl",
        "Orgy",
        "Schoolgirl Outfit",
        "Short Hair",
        "Squirting",
        "Tentacles",
        "Uncensored",
        "Unlimited",
        "X-Ray"
    ],
    "Pages": "24 pages",
    "OfficialSource": "fakku.net"
}