{
    "Title": "Erosion ~Final Night~",
    "Artist": "7zu7",
    "Circle": "",
    "Magazine": "COMIC Bavel 2017-01",
    "Parody": "Original Work",
    "Tags": [
        "Ahegao",
        "Anal",
        "Busty",
        "Creampie",
        "Crotch Tattoo",
        "Double Penetration",
        "Forced",
        "Futanari",
        "Heart Pupils",
        "Hentai",
        "Horror",
        "Impregnation",
        "Milf",
        "Petite",
        "Pubic Hair",
        "Sci-Fi",
        "Squirting",
        "Story Arc",
        "Swimsuit",
        "Tentacles",
        "Twintails",
        "Uncensored",
        "Unlimited",
        "X-Ray"
    ],
    "Pages": "23 pages",
    "OfficialSource": ""
}