{
    "Title": "Erosion ~Second Night~",
    "Artist": "7zu7",
    "Circle": "",
    "Magazine": "COMIC Bavel 2016-10",
    "Parody": "Original Work",
    "Tags": [
        "Ahegao",
        "Anal",
        "Big Dick",
        "Booty",
        "Busty",
        "Creampie",
        "Deepthroat",
        "Double Penetration",
        "Forced",
        "Group",
        "Heart Pupils",
        "Hentai",
        "Horror",
        "Humiliation",
        "Incest",
        "Masturbation",
        "Milf",
        "Osananajimi",
        "Petite",
        "Pubic Hair",
        "Schoolgirl Outfit",
        "Squirting",
        "Stockings",
        "Story Arc",
        "Tentacles",
        "Twintails",
        "Uncensored",
        "Unlimited",
        "Voyeurism",
        "X-Ray"
    ],
    "Pages": "22 pages",
    "OfficialSource": ""
}