{
    "Title": "Erosion ~First Night~",
    "Artist": "7zu7",
    "Circle": "",
    "Magazine": "COMIC Bavel 2016-07",
    "Parody": "Original Work",
    "Tags": [
        "Ahegao",
        "Anal",
        "Busty",
        "Creampie",
        "Double Penetration",
        "Forced",
        "Hentai",
        "Horror",
        "Incest",
        "Lactation",
        "Milf",
        "Pubic Hair",
        "Socks",
        "Squirting",
        "Story Arc",
        "Tentacles",
        "Uncensored",
        "Unlimited",
        "X-Ray"
    ],
    "Pages": "20 pages",
    "OfficialSource": ""
}