{
    "Title": "Tentaclass",
    "Artist": "7zu7",
    "Circle": "",
    "Magazine": "COMIC Bavel 2017-10",
    "Parody": "Original Work",
    "Tags": [
        "Ahegao",
        "Anal",
        "Booty",
        "Busty",
        "Color",
        "Creampie",
        "Double Penetration",
        "Forced",
        "Hentai",
        "Horror",
        "Impregnation",
        "Schoolgirl Outfit",
        "Socks",
        "Tentacles",
        "Uncensored",
        "Unlimited",
        "X-Ray"
    ],
    "Pages": "24 pages",
    "OfficialSource": ""
}