{
    "Title": "Unchanging ❤ Love",
    "Artist": "7zu7",
    "Circle": "",
    "Magazine": "COMIC Bavel 2016-01",
    "Parody": "Original Work",
    "Tags": [
        "Ahegao",
        "Anal",
        "Big Dick",
        "Busty",
        "Creampie",
        "Deepthroat",
        "Double Penetration",
        "Heart Pupils",
        "Hentai",
        "Horror",
        "Lactation",
        "Sci-Fi",
        "Tentacles",
        "Uncensored",
        "X-Ray"
    ],
    "Pages": "22 pages",
    "OfficialSource": ""
}