{
    "Title": "Unknown Contact",
    "Artist": "7zu7",
    "Circle": "",
    "Magazine": "COMIC Bavel 2017-08",
    "Parody": "Original Work",
    "Tags": [
        "Ahegao",
        "Blowjob",
        "Busty",
        "Creampie",
        "Forced",
        "Group",
        "Hentai",
        "Horror",
        "Humiliation",
        "Schoolgirl Outfit",
        "Stockings",
        "Tentacles",
        "Uncensored",
        "Unlimited",
        "X-Ray"
    ],
    "Pages": "18 pages",
    "OfficialSource": ""
}