{
    "Title": "After-School Reflation",
    "Artist": "Abe Manabu",
    "Circle": "",
    "Magazine": "COMIC Kairakuten BEAST 2020-08",
    "Parody": "Original Work",
    "Tags": [
        "Bloomers",
        "Blowjob",
        "Bukkake",
        "Busty",
        "Creampie",
        "FFFM Foursome",
        "Filming",
        "Fingering",
        "Harem",
        "Hentai",
        "Paizuri",
        "Petite",
        "Swimsuit",
        "Teacher",
        "Uncensored",
        "Unlimited"
    ],
    "Pages": "22 pages",
    "OfficialSource": ""
}