{
    "Title": "Ane Camp",
    "Artist": "Abe Manabu",
    "Circle": "",
    "Magazine": "COMIC Kairakuten BEAST 2020-01",
    "Parody": "Original Work",
    "Tags": [
        "Busty",
        "Creampie",
        "Exhibitionism",
        "Fingering",
        "Glasses",
        "Group",
        "Hentai",
        "Incest",
        "Inverted Nipples",
        "Pubic Hair",
        "Uncensored",
        "Unlimited",
        "Voyeurism",
        "X-Ray"
    ],
    "Pages": "22 pages",
    "OfficialSource": ""
}