{
    "Title": "Bathhouse Congeniality",
    "Artist": "Abe Manabu",
    "Circle": "",
    "Magazine": "COMIC Kairakuten BEAST 2019-08",
    "Parody": "Original Work",
    "Tags": [
        "Bathhouse",
        "Booty",
        "Busty",
        "Creampie",
        "Exhibitionism",
        "Hentai",
        "Masturbation",
        "Paizuri",
        "Ponytail",
        "Pubic Hair",
        "Toys",
        "Uncensored",
        "Unlimited",
        "Vanilla"
    ],
    "Pages": "20 pages",
    "OfficialSource": ""
}