{
    "Title": "Cherry-Popping Recommendation",
    "Artist": "Abe Manabu",
    "Circle": "",
    "Magazine": "COMIC Kairakuten BEAST 2019-06",
    "Parody": "Original Work",
    "Tags": [
        "Big Dick",
        "Blowjob",
        "Booty",
        "Busty",
        "Creampie",
        "FFM Threesome",
        "Group",
        "Hentai",
        "Inverted Nipples",
        "Paizuri",
        "Pantyhose",
        "Pubic Hair",
        "Schoolgirl Outfit",
        "Socks",
        "Stockings",
        "Swimsuit",
        "Teacher",
        "Twintails",
        "Uncensored",
        "Unlimited",
        "X-Ray"
    ],
    "Pages": "20 pages",
    "OfficialSource": ""
}