{
    "Title": "Emotional Game",
    "Artist": "Abe Manabu",
    "Circle": "",
    "Magazine": "COMIC Kairakuten BEAST 2018-05",
    "Parody": "Original Work",
    "Tags": [
        "Ahegao",
        "Anal",
        "Booty",
        "Bunny Girl",
        "Busty",
        "Cosplay",
        "Cunnilingus",
        "Eyebrows",
        "FFM Threesome",
        "Group",
        "Hentai",
        "Masturbation",
        "Pantyhose",
        "Pubic Hair",
        "Schoolgirl Outfit",
        "Stockings",
        "Swimsuit",
        "Toys",
        "Uncensored",
        "Unlimited"
    ],
    "Pages": "20 pages",
    "OfficialSource": ""
}