{
    "Title": "In Case",
    "Artist": "Abe Manabu",
    "Circle": "",
    "Magazine": "COMIC Kairakuten BEAST 2018-11",
    "Parody": "Original Work",
    "Tags": [
        "Ahegao",
        "Blowjob",
        "Booty",
        "Busty",
        "Creampie",
        "Dark Skin",
        "Eyebrows",
        "FFFM Foursome",
        "Filming",
        "Harem",
        "Hentai",
        "Kogal",
        "Paizuri",
        "Petite",
        "Ponytail",
        "Stockings",
        "Uncensored",
        "Unlimited",
        "X-Ray"
    ],
    "Pages": "22 pages",
    "OfficialSource": ""
}