{
    "Title": "Love Addiction",
    "Artist": "Abe Manabu",
    "Circle": "",
    "Magazine": "COMIC Kairakuten BEAST 2017-09",
    "Parody": "Original Work",
    "Tags": [
        "Apron",
        "Blowjob",
        "Booty",
        "Busty",
        "Chubby",
        "Eyebrows",
        "Hentai",
        "Incest",
        "Inverted Nipples",
        "Paizuri",
        "Pubic Hair",
        "Uncensored",
        "Unlimited",
        "Vanilla"
    ],
    "Pages": "20 pages",
    "OfficialSource": ""
}