{
    "Title": "Mama Life!",
    "Artist": "Abe Manabu",
    "Circle": "",
    "Magazine": "COMIC Kairakuten BEAST 2019-04",
    "Parody": "Original Work",
    "Tags": [
        "Ahegao",
        "Busty",
        "Cheating",
        "Creampie",
        "Double Penetration",
        "Eyebrows",
        "Group",
        "Handjob",
        "Hentai",
        "Housewife",
        "Lactation",
        "Milf",
        "Paizuri",
        "Pubic Hair",
        "Uncensored",
        "Unlimited"
    ],
    "Pages": "20 pages",
    "OfficialSource": ""
}