{
    "Title": "Settling Scores and Scoring",
    "Artist": "Abe Manabu",
    "Circle": "",
    "Magazine": "COMIC Kairakuten BEAST 2017-04",
    "Parody": "Original Work",
    "Tags": [
        "Blowjob",
        "Busty",
        "Creampie",
        "Femdom",
        "Fingering",
        "Glasses",
        "Group",
        "Hentai",
        "Humiliation",
        "Inverted Nipples",
        "Petite",
        "Schoolgirl Outfit",
        "Uncensored",
        "Unlimited"
    ],
    "Pages": "20 pages",
    "OfficialSource": ""
}