{
    "Title": "Sexual Junction!",
    "Artist": "Abe Manabu",
    "Circle": "",
    "Magazine": "COMIC Kairakuten BEAST 2018-03",
    "Parody": "Original Work",
    "Tags": [
        "Busty",
        "Crossdressing",
        "FFFM Foursome",
        "Glasses",
        "Group",
        "Hentai",
        "Lingerie",
        "Maid",
        "Masturbation",
        "Ojou-Sama",
        "Pantyhose",
        "Petite",
        "Ponytail",
        "Pubic Hair",
        "Shimapan",
        "Stockings",
        "Toys",
        "Uncensored",
        "Unlimited"
    ],
    "Pages": "24 pages",
    "OfficialSource": ""
}