{
    "Title": "Sister Play",
    "Artist": "Abe Manabu",
    "Circle": "",
    "Magazine": "COMIC Kairakuten BEAST 2019-01",
    "Parody": "Original Work",
    "Tags": [
        "Apron",
        "Blowjob",
        "Busty",
        "Facesitting",
        "Femdom",
        "FFM Threesome",
        "Footjob",
        "Group",
        "Hentai",
        "Inseki",
        "Osananajimi",
        "Petite",
        "Rimjob",
        "Toys",
        "Twintails",
        "Uncensored",
        "Unlimited"
    ],
    "Pages": "20 pages",
    "OfficialSource": ""
}