{
    "Title": "Slut's Counseling",
    "Artist": "Abe Manabu",
    "Circle": "",
    "Magazine": "COMIC Kairakuten BEAST 2018-07",
    "Parody": "Original Work",
    "Tags": [
        "Big Dick",
        "Blowjob",
        "Booty",
        "Busty",
        "Creampie",
        "Eyebrows",
        "Hentai",
        "Inseki",
        "Paizuri",
        "Ponytail",
        "Pubic Hair",
        "Schoolgirl Outfit",
        "Stockings",
        "Uncensored",
        "Unlimited"
    ],
    "Pages": "20 pages",
    "OfficialSource": ""
}