{
    "Title": "Summer of Grooming",
    "Artist": "Abe Manabu",
    "Circle": "",
    "Magazine": "COMIC Kairakuten BEAST 2018-09",
    "Parody": "Original Work",
    "Tags": [
        "Ahegao",
        "Blowjob",
        "Busty",
        "Creampie",
        "Cunnilingus",
        "Eyebrows",
        "Femdom",
        "Handjob",
        "Hentai",
        "Inseki",
        "Masturbation",
        "Pubic Hair",
        "Shota",
        "Swimsuit",
        "Uncensored",
        "Unlimited",
        "Voyeurism"
    ],
    "Pages": "20 pages",
    "OfficialSource": ""
}