{
    "Title": "Tryout Show Time",
    "Artist": "Abe Manabu",
    "Circle": "",
    "Magazine": "COMIC Kairakuten BEAST 2018-01",
    "Parody": "Original Work",
    "Tags": [
        "Blowjob",
        "Booty",
        "Creampie",
        "Eyebrows",
        "Hentai",
        "Inseki",
        "Kogal",
        "Lingerie",
        "Pubic Hair",
        "Schoolgirl Outfit",
        "Shimapan",
        "Socks",
        "Uncensored",
        "Unlimited"
    ],
    "Pages": "22 pages",
    "OfficialSource": ""
}