{
    "Title": "MILF and Daughter Caught on Camera (GONE SEXUAL!)",
    "Artist": "Alps Ichimando",
    "Circle": "",
    "Magazine": "",
    "Parody": "Original Work",
    "Tags": [
        "Ahegao",
        "Blowjob",
        "Cheating",
        "Condom",
        "Creampie",
        "Doujin",
        "Hentai",
        "Housewife",
        "Huge Boobs",
        "Leg Lock",
        "Milf",
        "Netorare",
        "Ponytail",
        "Pubic Hair",
        "Uncensored"
    ],
    "Pages": "41 pages",
    "OfficialSource": "fakku.net"
}