{
    "Title": "The Trucker \u0026 The Runaway",
    "Artist": "Alps Ichimando",
    "Circle": "",
    "Magazine": "",
    "Parody": "",
    "Tags": [
        "Ahegao",
        "Big Breasts",
        "Blowjob",
        "Comics New Releases",
        "Comics R18",
        "Condom",
        "Cosplay",
        "Creampie",
        "Dark Skin",
        "Gyaru",
        "Older Woman",
        "Oneesan",
        "Outdoor",
        "Pubic Hair",
        "Stockings",
        "Thicc"
    ],
    "Pages": "54 pages",
    "OfficialSource": "irodoricomics.com"
}