{
    "Title": "The Diner Owner's Tasty and Voluptuous Wife",
    "Artist": "Alps Ichimando",
    "Circle": "",
    "Magazine": "",
    "Parody": "Original Work",
    "Tags": [
        "Ahegao",
        "Blowjob",
        "Booty",
        "Cheating",
        "Chubby",
        "Creampie",
        "Doujin",
        "Hentai",
        "Huge Boobs",
        "Milf",
        "Pubic Hair",
        "Short Hair",
        "Uncensored",
        "X-Ray"
    ],
    "Pages": "33 pages",
    "OfficialSource": "fakku.net"
}