{
    "Title": "Big Sister Angel",
    "Artist": "Aimiya Yuu",
    "Circle": "",
    "Magazine": "COMIC Kairakuten BEAST 2019-10",
    "Parody": "Original Work",
    "Tags": [
        "Ahegao",
        "Big Dick",
        "Blowjob",
        "Busty",
        "Creampie",
        "Exhibitionism",
        "Hentai",
        "Humiliation",
        "Paizuri",
        "Pubic Hair",
        "Schoolgirl Outfit",
        "Shota",
        "Swimsuit",
        "Uncensored",
        "Unlimited"
    ],
    "Pages": "24 pages",
    "OfficialSource": ""
}