{
    "Title": "Knock Her Up! Demon Realm Detective",
    "Artist": "Aimiya Yuu",
    "Circle": "",
    "Magazine": "COMIC Kairakuten BEAST 2019-08",
    "Parody": "Original Work",
    "Tags": [
        "Ahegao",
        "Blowjob",
        "Booty",
        "Busty",
        "Creampie",
        "Hentai",
        "Horns",
        "Impregnation",
        "Shota",
        "Squirting",
        "Succubus",
        "Swimsuit",
        "Twintails",
        "Uncensored",
        "Unlimited",
        "X-Ray"
    ],
    "Pages": "18 pages",
    "OfficialSource": ""
}