{
    "Title": "Slave Recommendation",
    "Artist": "Aimiya Yuu",
    "Circle": "",
    "Magazine": "COMIC Kairakuten BEAST 2021-02",
    "Parody": "Original Work",
    "Tags": [
        "Busty",
        "Creampie",
        "Deepthroat",
        "Filming",
        "Footjob",
        "Forced",
        "Hentai",
        "Humiliation",
        "Incest",
        "Orgasm Denial",
        "Pubic Hair",
        "Squirting",
        "Tsundere",
        "Uncensored",
        "Unlimited"
    ],
    "Pages": "26 pages",
    "OfficialSource": ""
}