{
    "Title": "A Sister for Each Season: season4",
    "Artist": "Akinosora",
    "Circle": "",
    "Magazine": "COMIC X-Eros #60",
    "Parody": "Original Work",
    "Tags": [
        "Blowjob",
        "Booty",
        "Busty",
        "Creampie",
        "Cunnilingus",
        "Fantasy",
        "Fingering",
        "Group",
        "Harem",
        "Hentai",
        "Ojou-Sama",
        "Petite",
        "Squirting",
        "Twintails",
        "Uncensored",
        "Unlimited",
        "Vanilla"
    ],
    "Pages": "32 pages",
    "OfficialSource": ""
}