{
    "Title": "A Sister for Each Season: season2.5",
    "Artist": "Akinosora",
    "Circle": "",
    "Magazine": "COMIC X-Eros #55",
    "Parody": "Original Work",
    "Tags": [
        "Busty",
        "Creampie",
        "Fantasy",
        "Femdom",
        "FFM Threesome",
        "Group",
        "Harem",
        "Hentai",
        "Ojou-Sama",
        "Squirting",
        "Tsundere",
        "Uncensored",
        "Unlimited",
        "Vanilla",
        "X-Ray"
    ],
    "Pages": "22 pages",
    "OfficialSource": ""
}