{
    "Title": "A Sister for Each Season: season3",
    "Artist": "Akinosora",
    "Circle": "",
    "Magazine": "COMIC X-Eros #57",
    "Parody": "Original Work",
    "Tags": [
        "Ahegao",
        "Blowjob",
        "Booty",
        "Busty",
        "Creampie",
        "Deepthroat",
        "Fantasy",
        "Harem",
        "Hentai",
        "Ojou-Sama",
        "Petite",
        "Squirting",
        "Twintails",
        "Uncensored",
        "Unlimited",
        "X-Ray"
    ],
    "Pages": "30 pages",
    "OfficialSource": ""
}