{
    "Title": "Bougainvillea",
    "Artist": "Akinosora",
    "Circle": "",
    "Magazine": "COMIC X-Eros #31",
    "Parody": "Original Work",
    "Tags": [
        "Ahegao",
        "Anal",
        "Blowjob",
        "Busty",
        "Creampie",
        "Exhibitionism",
        "Hentai",
        "Masturbation",
        "Ojou-Sama",
        "Schoolgirl Outfit",
        "Squirting",
        "Stockings",
        "Uncensored",
        "Vanilla"
    ],
    "Pages": "28 pages",
    "OfficialSource": ""
}