{
    "Title": "I Was Summoned to Another World, So I'm Going to Take Advantage of My Honed Body to Get Lucky ~Part 2~",
    "Artist": "Akinosora",
    "Circle": "",
    "Magazine": "Comic X-Eros #100",
    "Parody": "Original Work",
    "Tags": [
        "Ahegao",
        "Big Dick",
        "Blowjob",
        "Creampie",
        "Cunnilingus",
        "Fantasy",
        "Hentai",
        "Isekai",
        "Light Hair",
        "Magical Girl",
        "Muscles",
        "Petite",
        "Squirting",
        "Twintails",
        "Uncensored",
        "Unlimited",
        "Very Long Hair",
        "Witch"
    ],
    "Pages": "33 pages",
    "OfficialSource": "fakku.net"
}