{
    "Title": "I Was Summoned to Another World, So I'm Going to Take Advantage of My Honed Body to Get Lucky",
    "Artist": "Akinosora",
    "Circle": "",
    "Magazine": "Comic X-Eros #97",
    "Parody": "Original Work",
    "Tags": [
        "Ahegao",
        "Big Dick",
        "Creampie",
        "Cunnilingus",
        "Hentai",
        "Isekai",
        "Magical Girl",
        "Mating Press",
        "Muscles",
        "Squirting",
        "Stockings",
        "Twintails",
        "Uncensored",
        "Unlimited",
        "Very Long Hair",
        "X-Ray"
    ],
    "Pages": "28 pages",
    "OfficialSource": "fakku.net"
}