{
    "Title": "Kotapan",
    "Artist": "Akinosora",
    "Circle": "",
    "Magazine": "COMIC X-Eros #63",
    "Parody": "Original Work",
    "Tags": [
        "Ahegao",
        "Creampie",
        "Cunnilingus",
        "Fingering",
        "Hentai",
        "Incest",
        "Petite",
        "Ponytail",
        "Schoolgirl Outfit",
        "Socks",
        "Squirting",
        "Toys",
        "Uncensored",
        "Unlimited",
        "X-Ray"
    ],
    "Pages": "18 pages",
    "OfficialSource": ""
}