{
    "Title": "Perfect Beach Day",
    "Artist": "Akinosora",
    "Circle": "",
    "Magazine": "COMIC X-Eros #44",
    "Parody": "Original Work",
    "Tags": [
        "Blowjob",
        "Creampie",
        "Cunnilingus",
        "Dark Skin",
        "Exhibitionism",
        "Foreigner",
        "Hentai",
        "Inseki",
        "Loli",
        "Petite",
        "Squirting",
        "Tanlines",
        "Twintails",
        "Uncensored",
        "Unlimited",
        "Vanilla"
    ],
    "Pages": "24 pages",
    "OfficialSource": ""
}