{
    "Title": "Sleep-Running ~End~",
    "Artist": "Akinosora",
    "Circle": "",
    "Magazine": "COMIC X-Eros #80",
    "Parody": "Original Work",
    "Tags": [
        "Ahegao",
        "Biting",
        "Blowjob",
        "Busty",
        "Creampie",
        "Cunnilingus",
        "Deepthroat",
        "Heart Pupils",
        "Hentai",
        "Incest",
        "Lingerie",
        "Masturbation",
        "Schoolgirl Outfit",
        "Socks",
        "Squirting",
        "Toys",
        "Uncensored",
        "Unlimited",
        "X-Ray"
    ],
    "Pages": "30 pages",
    "OfficialSource": ""
}