{
    "Title": "Be Brave, and Your Virginity Shall Disappear",
    "Artist": "Aoyama Kiiro.",
    "Circle": "",
    "Magazine": "Comic Bavel 2022-09",
    "Parody": "Original Work",
    "Tags": [
        "Cheating",
        "Creampie",
        "Exhibitionism",
        "Hentai",
        "Leg Lock",
        "Light Hair",
        "Outdoors",
        "Pubic Hair",
        "Short Hair",
        "Uncensored",
        "Unlimited",
        "Voyeurism",
        "X-Ray"
    ],
    "Pages": "20 pages",
    "OfficialSource": "fakku.net"
}