{
    "Title": "Chastity Ring Challenge",
    "Artist": "Aomushi",
    "Circle": "",
    "Magazine": "COMIC Bavel 2019-09",
    "Parody": "Original Work",
    "Tags": [
        "Ahegao",
        "Big Dick",
        "Biting",
        "Busty",
        "Creampie",
        "Deepthroat",
        "Heart Pupils",
        "Hentai",
        "Orgasm Denial",
        "Ponytail",
        "Swimsuit",
        "Toys",
        "Uncensored",
        "Unlimited",
        "Vanilla",
        "X-Ray"
    ],
    "Pages": "20 pages",
    "OfficialSource": ""
}