{
    "Title": "Collateral",
    "Artist": "Aomushi",
    "Circle": "",
    "Magazine": "COMIC Shitsurakuten 2021-02",
    "Parody": "Original Work",
    "Tags": [
        "Ahegao",
        "Anal",
        "Big Dick",
        "Busty",
        "Cheating",
        "Creampie",
        "Deepthroat",
        "Double Penetration",
        "Filming",
        "Fingering",
        "Group",
        "Hentai",
        "MMMF Foursome",
        "Muscles",
        "Paizuri",
        "Pantyhose",
        "Squirting",
        "Stockings",
        "Uncensored",
        "Unlimited",
        "X-Ray"
    ],
    "Pages": "28 pages",
    "OfficialSource": ""
}