{
    "Title": "Drunken Predator",
    "Artist": "Aomushi",
    "Circle": "",
    "Magazine": "Comic Shitsurakuten 2023-04",
    "Parody": "Original Work",
    "Tags": [
        "Ahegao",
        "Anal",
        "Bukkake",
        "Busty",
        "Creampie",
        "Deepthroat",
        "Double Penetration",
        "Group",
        "Hentai",
        "MMF Threesome",
        "Stockings",
        "Uncensored",
        "Unlimited",
        "X-Ray"
    ],
    "Pages": "8 pages",
    "OfficialSource": "fakku.net"
}