{
    "Title": "Fumino-san's Secret",
    "Artist": "Aomushi",
    "Circle": "",
    "Magazine": "Comic Bavel 2022-11",
    "Parody": "Original Work",
    "Tags": [
        "Ahegao",
        "Busty",
        "Creampie",
        "Deepthroat",
        "Exhibitionism",
        "Glasses",
        "Heart Pupils",
        "Hentai",
        "Leg Lock",
        "Masturbation",
        "Schoolgirl Outfit",
        "Toys",
        "Uncensored",
        "Unlimited",
        "Voyeurism",
        "X-Ray"
    ],
    "Pages": "20 pages",
    "OfficialSource": "fakku.net"
}