{
    "Title": "Furuya-kun \u0026 Oguri-san 2 - Part 2",
    "Artist": "Aomushi",
    "Circle": "",
    "Magazine": "Comic Bavel 2023-04",
    "Parody": "Original Work",
    "Tags": [
        "Ahegao",
        "Creampie",
        "Heart Pupils",
        "Hentai",
        "Miko",
        "Outdoors",
        "Petite",
        "Ponytail",
        "Short Hair",
        "Squirting",
        "Story Arc",
        "Tomboy",
        "Uncensored",
        "Unlimited",
        "Vanilla",
        "X-Ray"
    ],
    "Pages": "22 pages",
    "OfficialSource": "fakku.net"
}