{
    "Title": "Furuya-kun \u0026 Oguri-san Finale",
    "Artist": "Aomushi",
    "Circle": "",
    "Magazine": "Comic Bavel 2022-04",
    "Parody": "Original Work",
    "Tags": [
        "Ahegao",
        "Blowjob",
        "Bondage",
        "Busty",
        "Creampie",
        "FFM Threesome",
        "Filming",
        "Fingering",
        "Group",
        "Heart Pupils",
        "Hentai",
        "Leg Lock",
        "Mating Press",
        "Petite",
        "Ponytail",
        "Squirting",
        "Story Arc",
        "Tomboy",
        "Toys",
        "Uncensored",
        "Unlimited",
        "X-Ray",
        "Yandere",
        "Yuri"
    ],
    "Pages": "30 pages",
    "OfficialSource": ""
}