{
    "Title": "Furuya-kun \u0026 Oguri-san 3",
    "Artist": "Aomushi",
    "Circle": "",
    "Magazine": "COMIC Bavel 2020-12",
    "Parody": "Original Work",
    "Tags": [
        "Ahegao",
        "Big Dick",
        "Creampie",
        "Exhibitionism",
        "Heart Pupils",
        "Hentai",
        "Petite",
        "Squirting",
        "Story Arc",
        "Tomboy",
        "Toys",
        "Uncensored",
        "Unlimited",
        "Vanilla",
        "X-Ray"
    ],
    "Pages": "20 pages",
    "OfficialSource": ""
}