{
    "Title": "Furuya-kun \u0026 Oguri-san 2 - Part 1",
    "Artist": "Aomushi",
    "Circle": "",
    "Magazine": "Comic Bavel 2022-12",
    "Parody": "Original Work",
    "Tags": [
        "Ahegao",
        "Bathhouse",
        "Creampie",
        "Exhibitionism",
        "Heart Pupils",
        "Hentai",
        "Leg Lock",
        "Outdoors",
        "Petite",
        "Short Hair",
        "Story Arc",
        "Tomboy",
        "Uncensored",
        "Unlimited",
        "Vanilla",
        "X-Ray"
    ],
    "Pages": "20 pages",
    "OfficialSource": "fakku.net"
}