{
    "Title": "Furuya-kun \u0026 Oguri-san 5",
    "Artist": "Aomushi",
    "Circle": "",
    "Magazine": "Comic Bavel 2021-07",
    "Parody": "Original Work",
    "Tags": [
        "Ahegao",
        "Big Dick",
        "Busty",
        "Creampie",
        "Crossdressing",
        "Heart Pupils",
        "Hentai",
        "Lactation",
        "Paizuri",
        "Socks",
        "Squirting",
        "Story Arc",
        "Tomboy",
        "Toys",
        "Uncensored",
        "Unlimited",
        "X-Ray"
    ],
    "Pages": "20 pages",
    "OfficialSource": ""
}