{
    "Title": "Furuya-kun \u0026 Oguri-san 0",
    "Artist": "Aomushi",
    "Circle": "",
    "Magazine": "Comic Bavel 2021-12",
    "Parody": "Original Work",
    "Tags": [
        "Ahegao",
        "Heart Pupils",
        "Hentai",
        "Masturbation",
        "No Sex",
        "Petite",
        "Schoolgirl Outfit",
        "Socks",
        "Squirting",
        "Story Arc",
        "Tomboy",
        "Uncensored",
        "Unlimited",
        "Voyeurism"
    ],
    "Pages": "20 pages",
    "OfficialSource": ""
}