{
    "Title": "Furuya-kun \u0026 Oguri-san 4",
    "Artist": "Aomushi",
    "Circle": "",
    "Magazine": "COMIC Bavel 2021-03",
    "Parody": "Original Work",
    "Tags": [
        "Ahegao",
        "Blowjob",
        "Busty",
        "Heart Pupils",
        "Hentai",
        "Petite",
        "Ponytail",
        "Schoolgirl Outfit",
        "Squirting",
        "Story Arc",
        "Tomboy",
        "Toys",
        "Uncensored",
        "Unlimited",
        "X-Ray",
        "Yandere",
        "Yuri"
    ],
    "Pages": "20 pages",
    "OfficialSource": ""
}