{
    "Title": "Holy Night Sex Trap",
    "Artist": "Aomushi",
    "Circle": "",
    "Magazine": "Comic Shitsurakuten 2022-12",
    "Parody": "Original Work",
    "Tags": [
        "Ahegao",
        "Big Dick",
        "Busty",
        "Christmas",
        "Creampie",
        "Deepthroat",
        "Fingering",
        "Heart Pupils",
        "Hentai",
        "Osananajimi",
        "Piercing",
        "Stockings",
        "Uncensored",
        "Unlimited",
        "X-Ray"
    ],
    "Pages": "21 pages",
    "OfficialSource": "fakku.net"
}