{
    "Title": "Liability",
    "Artist": "Aomushi",
    "Circle": "",
    "Magazine": "Comic Shitsurakuten 2023-02",
    "Parody": "Original Work",
    "Tags": [
        "Ahegao",
        "Big Dick",
        "Bunny Girl",
        "Busty",
        "Cosplay",
        "Creampie",
        "Filming",
        "Heart Pupils",
        "Hentai",
        "Love Hotel",
        "Squirting",
        "Uncensored",
        "Unlimited",
        "X-Ray"
    ],
    "Pages": "11 pages",
    "OfficialSource": "fakku.net"
}