{
    "Title": "Pet Girl [Zero]",
    "Artist": "Aomushi",
    "Circle": "",
    "Magazine": "Comic Shitsurakuten 2022-02",
    "Parody": "Original Work",
    "Tags": [
        "Anal",
        "Big Dick",
        "Blowjob",
        "Busty",
        "Deepthroat",
        "Double Penetration",
        "Fingering",
        "Group",
        "Heart Pupils",
        "Hentai",
        "MMF Threesome",
        "Squirting",
        "Toys",
        "Uncensored",
        "Unlimited",
        "X-Ray"
    ],
    "Pages": "28 pages",
    "OfficialSource": ""
}