{
    "Title": "Pet Girl",
    "Artist": "Aomushi",
    "Circle": "",
    "Magazine": "Comic Shitsurakuten 2021-07",
    "Parody": "Original Work",
    "Tags": [
        "Anal",
        "Big Dick",
        "Condom",
        "Cosplay",
        "Creampie",
        "Deepthroat",
        "Double Penetration",
        "Filming",
        "Group",
        "Hentai",
        "Love Hotel",
        "MMF Threesome",
        "Schoolgirl Outfit",
        "Stockings",
        "Uncensored",
        "Unlimited",
        "X-Ray"
    ],
    "Pages": "20 pages",
    "OfficialSource": ""
}