{
    "Title": "Petted Girl",
    "Artist": "Aomushi",
    "Circle": "",
    "Magazine": "Comic Shitsurakuten 2021-08",
    "Parody": "Original Work",
    "Tags": [
        "Anal",
        "Big Dick",
        "Busty",
        "Creampie",
        "Deepthroat",
        "Double Penetration",
        "Group",
        "Heart Pupils",
        "Hentai",
        "Love Hotel",
        "MMF Threesome",
        "Orgy",
        "Socks",
        "Uncensored",
        "Unlimited",
        "X-Ray"
    ],
    "Pages": "20 pages",
    "OfficialSource": ""
}