{
    "Title": "Sugar Daddy!!",
    "Artist": "Aomushi",
    "Circle": "",
    "Magazine": "Comic Shitsurakuten 2022-07",
    "Parody": "Original Work",
    "Tags": [
        "Ahegao",
        "Anal",
        "Big Dick",
        "Creampie",
        "Crotch Tattoo",
        "Deepthroat",
        "Double Penetration",
        "Group",
        "Heart Pupils",
        "Hentai",
        "MMF Threesome",
        "Piercing",
        "Shortstack",
        "Squirting",
        "Stockings",
        "Twintails",
        "Ugly Bastard",
        "Uncensored",
        "Unlimited",
        "Voyeurism",
        "X-Ray"
    ],
    "Pages": "20 pages",
    "OfficialSource": "fakku.net"
}