{
    "Title": "Sugar Daddy!",
    "Artist": "Aomushi",
    "Circle": "",
    "Magazine": "Comic Shitsurakuten 2022-06",
    "Parody": "Original Work",
    "Tags": [
        "Ahegao",
        "Big Dick",
        "Creampie",
        "Deepthroat",
        "Heart Pupils",
        "Hentai",
        "Love Hotel",
        "Shortstack",
        "Squirting",
        "Twintails",
        "Uncensored",
        "Unlimited",
        "X-Ray"
    ],
    "Pages": "20 pages",
    "OfficialSource": "fakku.net"
}