{
    "Title": "Tyrannical Girl",
    "Artist": "Aomushi",
    "Circle": "",
    "Magazine": "COMIC Bavel 2019-03",
    "Parody": "Original Work",
    "Tags": [
        "Ahegao",
        "Blowjob",
        "Busty",
        "Creampie",
        "Deepthroat",
        "Heart Pupils",
        "Hentai",
        "Petite",
        "Schoolgirl Outfit",
        "Tsundere",
        "Twintails",
        "Uncensored",
        "Unlimited",
        "X-Ray"
    ],
    "Pages": "20 pages",
    "OfficialSource": ""
}