{
    "Title": "Let Loose for One Night",
    "Artist": "212",
    "Circle": "",
    "Magazine": "COMIC Kairakuten BEAST 2017-06",
    "Parody": "Original Work",
    "Tags": [
        "Blowjob",
        "Busty",
        "Creampie",
        "Glasses",
        "Hentai",
        "Love Hotel",
        "Office Lady",
        "Paizuri",
        "Ponytail",
        "Pubic Hair",
        "Uncensored",
        "Unlimited",
        "Vanilla",
        "X-Ray"
    ],
    "Pages": "16 pages",
    "OfficialSource": ""
}