{
    "Title": "Bunny Teacher",
    "Artist": "Amane Ruri",
    "Circle": "Amaineiro",
    "Magazine": "",
    "Parody": "Original Work",
    "Tags": [
        "Bunny Girl",
        "Chubby",
        "Cosplay",
        "Creampie",
        "Doujin",
        "Glasses",
        "Hentai",
        "Huge Boobs",
        "Lingerie",
        "Pubic Hair",
        "Schoolgirl Outfit",
        "Squirting",
        "Teacher",
        "Uncensored",
        "Vanilla",
        "X-Ray"
    ],
    "Pages": "22 pages",
    "OfficialSource": ""
}