{
    "Title": "Horny Bunny",
    "Artist": "Amane Ruri",
    "Circle": "Amaineiro",
    "Magazine": "",
    "Parody": "Original Work",
    "Tags": [
        "Apron",
        "Blowjob",
        "Bunny Girl",
        "Cosplay",
        "Creampie",
        "Doujin",
        "Hentai",
        "Huge Boobs",
        "Lingerie",
        "Maid",
        "Pubic Hair",
        "Stockings",
        "Twintails",
        "Uncensored",
        "Vanilla",
        "X-Ray"
    ],
    "Pages": "20 pages",
    "OfficialSource": ""
}