{
    "Title": "Flunk the Written, Ace the Practical",
    "Artist": "Akitsuki Itsuki",
    "Circle": "",
    "Magazine": "COMIC X-Eros #52",
    "Parody": "Original Work",
    "Tags": [
        "Ahegao",
        "Blowjob",
        "Busty",
        "Cosplay",
        "Creampie",
        "Exhibitionism",
        "Hentai",
        "Masturbation",
        "Shimapan",
        "Stockings",
        "Teacher",
        "Toys",
        "Uncensored",
        "Vanilla"
    ],
    "Pages": "26 pages",
    "OfficialSource": ""
}