{
    "Title": "You'll Be Crazy About Me!",
    "Artist": "Akitsuki Itsuki",
    "Circle": "",
    "Magazine": "",
    "Parody": "Original Work",
    "Tags": [
        "Blowjob",
        "Book",
        "Busty",
        "Color",
        "Glasses",
        "Group",
        "Heart Pupils",
        "Hentai",
        "Maid",
        "Schoolgirl Outfit",
        "Shimapan",
        "Swimsuit",
        "Teacher",
        "Twintails",
        "Uncensored",
        "X-Ray"
    ],
    "Pages": "216 pages",
    "OfficialSource": ""
}