{
    "Title": "Knock-Up Game",
    "Artist": "Arai Kei",
    "Circle": "",
    "Magazine": "",
    "Parody": "",
    "Tags": [
        "Ahegao",
        "Big Breasts",
        "Blowjob",
        "Cheating",
        "Comics New Releases",
        "Comics R18",
        "Condom",
        "Group",
        "Housewife",
        "Lactation",
        "Lingerie",
        "Netorare",
        "Paizuri",
        "Ponytail",
        "Pubic Hair",
        "Squirting",
        "Thicc"
    ],
    "Pages": "73 pages",
    "OfficialSource": "irodoricomics.com"
}