{
    "Title": "Middle-Aged Miss Hanada's Defloration",
    "Artist": "Arai Kei",
    "Circle": "Kansai Orange",
    "Magazine": "",
    "Parody": "Original Work",
    "Tags": [
        "Ahegao",
        "Beauty Mark",
        "Blowjob",
        "Booty",
        "Bukkake",
        "Busty",
        "Chubby",
        "Condom",
        "Creampie",
        "Deepthroat",
        "Doujin",
        "Exhibitionism",
        "Filming",
        "Fingering",
        "Freckles",
        "Glasses",
        "Group",
        "Handjob",
        "Hentai",
        "Impregnation",
        "Lactation",
        "Office Lady",
        "Paizuri",
        "Pregnant",
        "Pubic Hair",
        "Squirting",
        "Tsundere",
        "Uncensored",
        "X-Ray"
    ],
    "Pages": "60 pages",
    "OfficialSource": ""
}