{
    "Title": "Break Switch",
    "Artist": "Akiya Akira",
    "Circle": "",
    "Magazine": "FAKKU Original",
    "Parody": "Original Work",
    "Tags": [
        "Ahegao",
        "Blowjob",
        "Bondage",
        "Busty",
        "Chubby",
        "Creampie",
        "Forced",
        "Group",
        "Handjob",
        "Hentai",
        "Sci-Fi",
        "Squirting",
        "Stockings",
        "Uncensored",
        "Unlimited"
    ],
    "Pages": "16 pages",
    "OfficialSource": ""
}