{
    "Title": "Passing Dark",
    "Artist": "Akiya Akira",
    "Circle": "",
    "Magazine": "COMIC Kairakuten 2019-12",
    "Parody": "Original Work",
    "Tags": [
        "Ahegao",
        "Blowjob",
        "Booty",
        "Busty",
        "Creampie",
        "Cunnilingus",
        "Exhibitionism",
        "Hentai",
        "Schoolgirl Outfit",
        "Sixty-Nine",
        "Stockings",
        "Uncensored",
        "Unlimited",
        "X-Ray"
    ],
    "Pages": "16 pages",
    "OfficialSource": ""
}