{
    "Title": "First Prey Sequel",
    "Artist": "Aoi Miharu",
    "Circle": "",
    "Magazine": "COMIC X-Eros #73",
    "Parody": "Original Work",
    "Tags": [
        "Blowjob",
        "Busty",
        "Cosplay",
        "Creampie",
        "Crossdressing",
        "Femboy",
        "Femdom",
        "Glasses",
        "Group",
        "Hentai",
        "Maid",
        "Ponytail",
        "Shota",
        "Stockings",
        "Tall Girl",
        "Uncensored",
        "Unlimited",
        "X-Ray"
    ],
    "Pages": "14 pages",
    "OfficialSource": ""
}