{
    "Title": "Frills, Lace, and Something Lovely",
    "Artist": "Aoi Miharu",
    "Circle": "",
    "Magazine": "COMIC X-Eros #59",
    "Parody": "Original Work",
    "Tags": [
        "Ahegao",
        "Blowjob",
        "Creampie",
        "Cunnilingus",
        "Handjob",
        "Hentai",
        "Love Hotel",
        "Paizuri",
        "Schoolgirl Outfit",
        "Tomboy",
        "Uncensored",
        "Unlimited",
        "Vanilla",
        "X-Ray"
    ],
    "Pages": "26 pages",
    "OfficialSource": ""
}