{
    "Title": "I’ll Teach That Cheeky Brat…Another Lesson!",
    "Artist": "Aoi Miharu",
    "Circle": "",
    "Magazine": "COMIC X-Eros #77",
    "Parody": "",
    "Tags": [
        "Ahegao",
        "Blowjob",
        "Booty",
        "Busty",
        "Creampie",
        "Cunnilingus",
        "Deepthroat",
        "Facesitting",
        "Femdom",
        "Handjob",
        "Harem",
        "Incest",
        "Shota",
        "Stockings"
    ],
    "Pages": "24 pages",
    "OfficialSource": ""
}