{
    "Title": "Kaname-neesan Is Quitting the Club",
    "Artist": "Aoi Miharu",
    "Circle": "",
    "Magazine": "Weekly Kairakuten 2020-04",
    "Parody": "Original Work",
    "Tags": [
        "Creampie",
        "Dark Skin",
        "Footjob",
        "Hentai",
        "Huge Boobs",
        "Incest",
        "Masturbation",
        "Muscles",
        "Paizuri",
        "Pubic Hair",
        "Tall Girl",
        "Tomboy",
        "Uncensored",
        "Unlimited",
        "X-Ray"
    ],
    "Pages": "36 pages",
    "OfficialSource": ""
}