{
    "Title": "Secret Precious Memories",
    "Artist": "Aoi Miharu",
    "Circle": "",
    "Magazine": "COMIC X-Eros #46",
    "Parody": "Original Work",
    "Tags": [
        "Ahegao",
        "Blowjob",
        "Booty",
        "Busty",
        "Creampie",
        "Handjob",
        "Hentai",
        "Osananajimi",
        "Schoolgirl Outfit",
        "Uncensored",
        "Unlimited",
        "Vanilla",
        "X-Ray",
        "Yandere"
    ],
    "Pages": "22 pages",
    "OfficialSource": ""
}