{
    "Title": "Sexy Study Session With Mom",
    "Artist": "Akikusa Peperon",
    "Circle": "Nikuniku Italian",
    "Magazine": "",
    "Parody": "Original Work",
    "Tags": [
        "Ahegao",
        "Blowjob",
        "Booty",
        "Creampie",
        "Doujin",
        "Glasses",
        "Heart Pupils",
        "Hentai",
        "Huge Boobs",
        "Incest",
        "Milf",
        "Paizuri",
        "Pubic Hair",
        "Stockings",
        "Teacher",
        "Uncensored",
        "X-Ray"
    ],
    "Pages": "30 pages",
    "OfficialSource": ""
}