{
    "Title": "Milking Prison 2",
    "Artist": "Akira",
    "Circle": "",
    "Magazine": "Dascomi Vol.20",
    "Parody": "Original Work",
    "Tags": [
        "Ahegao",
        "Blowjob",
        "Booty",
        "Busty",
        "Creampie",
        "Handjob",
        "Heart Pupils",
        "Hentai",
        "Light Hair",
        "Nun",
        "Stockings",
        "Uncensored",
        "Unlimited",
        "Very Long Hair",
        "Voyeurism",
        "X-Ray"
    ],
    "Pages": "21 pages",
    "OfficialSource": "fakku.net"
}