{
    "Title": "Milking Prison 4",
    "Artist": "Akira",
    "Circle": "",
    "Magazine": "Dascomi Vol.22",
    "Parody": "Original Work",
    "Tags": [
        "Ahegao",
        "Bathroom",
        "Bun Hair",
        "Busty",
        "Creampie",
        "Heart Pupils",
        "Hentai",
        "Light Hair",
        "Lotion Play",
        "Mating Press",
        "Muscles",
        "Nun",
        "Paizuri",
        "Story Arc",
        "Uncensored",
        "Unlimited",
        "X-Ray"
    ],
    "Pages": "22 pages",
    "OfficialSource": "fakku.net"
}