{
    "Title": "Milking Prison 3",
    "Artist": "Akira",
    "Circle": "",
    "Magazine": "Dascomi Vol.21",
    "Parody": "Original Work",
    "Tags": [
        "Ahegao",
        "Anal",
        "Blowjob",
        "Bukkake",
        "Busty",
        "Group",
        "Handjob",
        "Heart Pupils",
        "Hentai",
        "Muscles",
        "Nun",
        "Orgy",
        "Ponytail",
        "Rimjob",
        "Squirting",
        "Stockings",
        "Story Arc",
        "Uncensored",
        "Unlimited",
        "Voyeurism",
        "X-Ray"
    ],
    "Pages": "21 pages",
    "OfficialSource": "fakku.net"
}