{
    "Title": "Milking Prison 1",
    "Artist": "Akira",
    "Circle": "",
    "Magazine": "Dascomi Vol.19",
    "Parody": "Original Work",
    "Tags": [
        "Booty",
        "Busty",
        "Creampie",
        "Fingering",
        "Group",
        "Heart Pupils",
        "Hentai",
        "Light Hair",
        "Lingerie",
        "Nun",
        "Orgy",
        "Over-Eye Bangs",
        "Pubic Hair",
        "Squirting",
        "Stockings",
        "Uncensored",
        "Unlimited",
        "Very Long Hair"
    ],
    "Pages": "21 pages",
    "OfficialSource": "fakku.net"
}