{
    "Title": "Gaze Upon a Distant Star - Another Side",
    "Artist": "7x2",
    "Circle": "",
    "Magazine": "COMIC Kairakuten BEAST 2021-03",
    "Parody": "Original Work",
    "Tags": [
        "Ahegao",
        "Blowjob",
        "Busty",
        "Creampie",
        "Fingering",
        "Heart Pupils",
        "Hentai",
        "Pubic Hair",
        "Schoolgirl Outfit",
        "Toys",
        "Uncensored",
        "Unlimited",
        "X-Ray"
    ],
    "Pages": "24 pages",
    "OfficialSource": ""
}