{
    "Title": "I Wish I'd Never...",
    "Artist": "7x2",
    "Circle": "",
    "Magazine": "Comic Kairakuten BEAST 2021-11",
    "Parody": "Original Work",
    "Tags": [
        "Ahegao",
        "Big Dick",
        "Blowjob",
        "Busty",
        "Creampie",
        "Crossdressing",
        "Fangs",
        "Femboy",
        "Hentai",
        "Shortstack",
        "Socks",
        "Twintails",
        "Uncensored",
        "Unlimited",
        "X-Ray"
    ],
    "Pages": "28 pages",
    "OfficialSource": ""
}