{
    "Title": "Sensei's Favorite",
    "Artist": "7x2",
    "Circle": "",
    "Magazine": "COMIC Kairakuten BEAST 2020-09",
    "Parody": "Original Work",
    "Tags": [
        "Beauty Mark",
        "Big Dick",
        "Creampie",
        "Cunnilingus",
        "Exhibitionism",
        "Fingering",
        "Heart Pupils",
        "Hentai",
        "Petite",
        "Schoolgirl Outfit",
        "Squirting",
        "Teacher",
        "Twintails",
        "Uncensored",
        "Unlimited",
        "X-Ray"
    ],
    "Pages": "23 pages",
    "OfficialSource": ""
}