{
    "Title": "Abundant Growth",
    "Artist": "Arai Taiki",
    "Circle": "",
    "Magazine": "COMIC Bavel 2017-03",
    "Parody": "Original Work",
    "Tags": [
        "Blowjob",
        "Booty",
        "Cheerleader",
        "Chubby",
        "Cosplay",
        "Creampie",
        "Cunnilingus",
        "Heart Pupils",
        "Hentai",
        "Huge Boobs",
        "Paizuri",
        "Ponytail",
        "Pubic Hair",
        "Socks",
        "Uncensored",
        "Unlimited",
        "Vanilla"
    ],
    "Pages": "20 pages",
    "OfficialSource": ""
}