{
    "Title": "Sower of Temptation",
    "Artist": "Arai Taiki",
    "Circle": "",
    "Magazine": "Comic Bavel 2016-02",
    "Parody": "Original Work",
    "Tags": [
        "Ahegao",
        "Anal",
        "Beauty Mark",
        "Blowjob",
        "Booty",
        "Busty",
        "Creampie",
        "Cunnilingus",
        "Dark Skin",
        "Delinquent",
        "Facesitting",
        "FFM Threesome",
        "Group",
        "Hentai",
        "Kogal",
        "Paizuri",
        "Petite",
        "Socks",
        "Uncensored",
        "Unlimited",
        "X-Ray"
    ],
    "Pages": "20 pages",
    "OfficialSource": ""
}