{
    "Title": "Fingertip Temptation",
    "Artist": "Aki Hirame",
    "Circle": "",
    "Magazine": "Comic Kairakuten BEAST 2023-04",
    "Parody": "Original Work",
    "Tags": [
        "Blowjob",
        "Booty",
        "Busty",
        "Creampie",
        "Fingering",
        "Hentai",
        "Office Lady",
        "Pubic Hair",
        "Squirting",
        "Uncensored",
        "Unlimited",
        "Vanilla",
        "X-Ray"
    ],
    "Pages": "24 pages",
    "OfficialSource": "fakku.net"
}