{
    "Title": "Housewife Temptation",
    "Artist": "Aina Ryumu",
    "Circle": "",
    "Magazine": "COMIC Shitsurakuten 2020-10",
    "Parody": "Original Work",
    "Tags": [
        "Ahegao",
        "Blowjob",
        "Busty",
        "Cheating",
        "Creampie",
        "Handjob",
        "Hentai",
        "Housewife",
        "Milf",
        "Pubic Hair",
        "Squirting",
        "Uncensored",
        "Unlimited",
        "X-Ray"
    ],
    "Pages": "24 pages",
    "OfficialSource": ""
}