{
    "Title": "Size Complex",
    "Artist": "Aina Ryumu",
    "Circle": "",
    "Magazine": "Comic Shitsurakuten 2021-05",
    "Parody": "Original Work",
    "Tags": [
        "Ahegao",
        "Big Dick",
        "Blowjob",
        "Busty",
        "Creampie",
        "Fangs",
        "Fingering",
        "Hentai",
        "Osananajimi",
        "Paizuri",
        "Ponytail",
        "Pubic Hair",
        "Schoolgirl Outfit",
        "Shortstack",
        "Socks",
        "Squirting",
        "Uncensored",
        "Unlimited",
        "Vanilla",
        "X-Ray"
    ],
    "Pages": "24 pages",
    "OfficialSource": ""
}