{
    "Title": "Absolute Obedience Declaration",
    "Artist": "AHOBAKA",
    "Circle": "",
    "Magazine": "COMIC Shitsurakuten 2017-05",
    "Parody": "Original Work",
    "Tags": [
        "Blowjob",
        "Busty",
        "Condom",
        "Creampie",
        "Exhibitionism",
        "Heart Pupils",
        "Hentai",
        "Masturbation",
        "Spats",
        "Twintails",
        "Uncensored",
        "Unlimited",
        "Vanilla"
    ],
    "Pages": "20 pages",
    "OfficialSource": ""
}