{
    "Title": "An Angel so Lewd She's Basically a Succubus",
    "Artist": "AHOBAKA",
    "Circle": "",
    "Magazine": "",
    "Parody": "Original Work",
    "Tags": [
        "Ahegao",
        "Big Dick",
        "Booty",
        "Chubby",
        "Condom",
        "Creampie",
        "Dark Skin",
        "Doujin",
        "Heart Pupils",
        "Hentai",
        "Huge Boobs",
        "Kogal",
        "Monster Girl",
        "Schoolgirl Outfit",
        "Uncensored",
        "X-Ray"
    ],
    "Pages": "29 pages",
    "OfficialSource": ""
}