{
    "Title": "Milked By an Oni Gal",
    "Artist": "AHOBAKA",
    "Circle": "",
    "Magazine": "",
    "Parody": "Original Work",
    "Tags": [
        "Big Dick",
        "Busty",
        "Chubby",
        "Condom",
        "Creampie",
        "Dark Skin",
        "Doujin",
        "Hentai",
        "Horns",
        "Kogal",
        "Monster Girl",
        "Oni",
        "Paizuri",
        "Stockings",
        "Swimsuit",
        "Tanlines",
        "Ugly Bastard",
        "Uncensored",
        "Vanilla",
        "X-Ray"
    ],
    "Pages": "27 pages",
    "OfficialSource": ""
}