{
    "Title": "My Sheep Sister's Close Shear",
    "Artist": "AHOBAKA",
    "Circle": "",
    "Magazine": "",
    "Parody": "Original Work",
    "Tags": [
        "Ahegao",
        "Busty",
        "Chubby",
        "Creampie",
        "Doujin",
        "Eyebrows",
        "Hentai",
        "Horns",
        "Inseki",
        "Masturbation",
        "Monster Girl",
        "Netorare",
        "Pregnant",
        "Ugly Bastard",
        "Whiteout",
        "X-Ray"
    ],
    "Pages": "40 pages",
    "OfficialSource": ""
}