{
    "Title": "Girl's Dorm Harem 1",
    "Artist": "Amane Sirou",
    "Circle": "Standard",
    "Magazine": "",
    "Parody": "Original Work",
    "Tags": [
        "Blowjob",
        "Busty",
        "Cunnilingus",
        "Doujin",
        "Facesitting",
        "Fingering",
        "Glasses",
        "Harem",
        "Hentai",
        "Lingerie",
        "Masturbation",
        "Ongoing",
        "Paizuri",
        "Shimapan",
        "Sixty-Nine",
        "Socks",
        "Swimsuit",
        "Uncensored",
        "Voyeurism"
    ],
    "Pages": "147 pages",
    "OfficialSource": ""
}