{
    "Title": "Forced to Orgasm by the Finest Sweets in Town Ch.5",
    "Artist": "Arai Togami",
    "Circle": "",
    "Magazine": "Dascomi Vol.07",
    "Parody": "Original Work",
    "Tags": [
        "Busty",
        "Creampie",
        "Cunnilingus",
        "Deepthroat",
        "Fingering",
        "Harem",
        "Hentai",
        "Petite",
        "Ponytail",
        "Schoolgirl Outfit",
        "Squirting",
        "Stockings",
        "Twintails",
        "Uncensored",
        "Unlimited"
    ],
    "Pages": "18 pages",
    "OfficialSource": ""
}