{
    "Title": "Attraction to Chains",
    "Artist": "Alp",
    "Circle": "",
    "Magazine": "COMIC Bavel 2017-05",
    "Parody": "Original Work",
    "Tags": [
        "Ahegao",
        "Big Dick",
        "Bondage",
        "Busty",
        "Creampie",
        "Fingering",
        "Heart Pupils",
        "Hentai",
        "Love Hotel",
        "Squirting",
        "Stockings",
        "Toys",
        "Uncensored",
        "Unlimited",
        "Vanilla",
        "X-Ray"
    ],
    "Pages": "20 pages",
    "OfficialSource": ""
}