{
    "Title": "Routine",
    "Artist": "Alp",
    "Circle": "",
    "Magazine": "Comic Bavel 2022-10",
    "Parody": "Original Work",
    "Tags": [
        "Beauty Mark",
        "Booty",
        "Busty",
        "Condom",
        "Creampie",
        "Exhibitionism",
        "Hentai",
        "Masturbation",
        "Schoolgirl Outfit",
        "Short Hair",
        "Socks",
        "Tall Girl",
        "Tsundere",
        "Uncensored",
        "Unlimited",
        "Vanilla",
        "X-Ray"
    ],
    "Pages": "30 pages",
    "OfficialSource": "fakku.net"
}