{
    "Title": "Buying and Selling",
    "Artist": "Akishiro Akino",
    "Circle": "",
    "Magazine": "Comic X-Eros #91",
    "Parody": "Original Work",
    "Tags": [
        "Big Dick",
        "Blowjob",
        "Booty",
        "Cheating",
        "Chubby",
        "Condom",
        "Deepthroat",
        "Exhibitionism",
        "Glasses",
        "Hentai",
        "Huge Boobs",
        "Pubic Hair",
        "Schoolgirl Outfit",
        "Socks",
        "Twintails",
        "Uncensored",
        "Unlimited",
        "X-Ray"
    ],
    "Pages": "22 pages",
    "OfficialSource": ""
}