{
    "Title": "Good Teachers Are Easy, Too!?",
    "Artist": "Akishiro Akino",
    "Circle": "",
    "Magazine": "COMIC X-Eros #80",
    "Parody": "Original Work",
    "Tags": [
        "Anal",
        "Big Dick",
        "Blowjob",
        "Bondage",
        "Bukkake",
        "Busty",
        "Creampie",
        "Double Penetration",
        "Eyebrows",
        "Fingering",
        "Group",
        "Hentai",
        "Kogal",
        "Ponytail",
        "Pubic Hair",
        "Schoolgirl Outfit",
        "Socks",
        "Teacher",
        "Ugly Bastard",
        "Uncensored",
        "Unlimited",
        "X-Ray"
    ],
    "Pages": "22 pages",
    "OfficialSource": ""
}