{
    "Title": "Hina Tries Her Best!",
    "Artist": "Akishiro Akino",
    "Circle": "",
    "Magazine": "COMIC X-Eros #87",
    "Parody": "Original Work",
    "Tags": [
        "Ahegao",
        "Anal",
        "Beauty Mark",
        "Big Dick",
        "Busty",
        "Group",
        "Heart Pupils",
        "Hentai",
        "Kogal",
        "Love Hotel",
        "Ponytail",
        "Pubic Hair",
        "Rimjob",
        "Schoolgirl Outfit",
        "Squirting",
        "Toys",
        "Ugly Bastard",
        "Uncensored",
        "Unlimited",
        "Voyeurism",
        "X-Ray"
    ],
    "Pages": "24 pages",
    "OfficialSource": ""
}