{
    "Title": "I'll Teach You How to Earn Easy Money!",
    "Artist": "Akishiro Akino",
    "Circle": "",
    "Magazine": "Weekly Kairakuten 2022-01",
    "Parody": "Original Work",
    "Tags": [
        "Big Dick",
        "Busty",
        "Creampie",
        "Cunnilingus",
        "Deepthroat",
        "Hentai",
        "Pubic Hair",
        "Socks",
        "Squirting",
        "Twintails",
        "Ugly Bastard",
        "Uncensored",
        "Unlimited",
        "X-Ray"
    ],
    "Pages": "24 pages",
    "OfficialSource": ""
}