{
    "Title": "Let's Go to a Mixer! ♪",
    "Artist": "Akishiro Akino",
    "Circle": "",
    "Magazine": "Weekly Kairakuten 2020-08",
    "Parody": "Original Work",
    "Tags": [
        "Blowjob",
        "Busty",
        "Creampie",
        "Cunnilingus",
        "Fangs",
        "Group",
        "Hentai",
        "Lingerie",
        "Osananajimi",
        "Petite",
        "Pubic Hair",
        "Squirting",
        "Uncensored",
        "X-Ray",
        "Yuri"
    ],
    "Pages": "24 pages",
    "OfficialSource": ""
}