{
    "Title": "Pee Friend",
    "Artist": "Akishiro Akino",
    "Circle": "",
    "Magazine": "COMIC X-Eros #83",
    "Parody": "Original Work",
    "Tags": [
        "Anal",
        "Blindfold",
        "Busty",
        "Cunnilingus",
        "FFM Threesome",
        "Filming",
        "Fingering",
        "Glasses",
        "Group",
        "Hentai",
        "Masturbation",
        "Pubic Hair",
        "Schoolgirl Outfit",
        "Squirting",
        "Stockings",
        "Teacher",
        "Uncensored",
        "Unlimited",
        "Voyeurism",
        "X-Ray"
    ],
    "Pages": "24 pages",
    "OfficialSource": ""
}