{
    "Title": "Secret Sensei",
    "Artist": "Akishiro Akino",
    "Circle": "",
    "Magazine": "COMIC X-Eros #84",
    "Parody": "Original Work",
    "Tags": [
        "Anal",
        "Beauty Mark",
        "Biting",
        "Blindfold",
        "Blowjob",
        "Chubby",
        "Eyebrows",
        "Femdom",
        "Fingering",
        "Group",
        "Headphones",
        "Hentai",
        "Huge Boobs",
        "Incest",
        "Kogal",
        "Masturbation",
        "Paizuri",
        "Ponytail",
        "Pubic Hair",
        "Shota",
        "Tall Girl",
        "Toys",
        "Uncensored",
        "Unlimited",
        "Voyeurism",
        "X-Ray"
    ],
    "Pages": "24 pages",
    "OfficialSource": ""
}