{
    "Title": "There's a Reason It's Out of Service",
    "Artist": "Akishiro Akino",
    "Circle": "",
    "Magazine": "Comic X-Eros #90",
    "Parody": "Original Work",
    "Tags": [
        "Big Dick",
        "Bukkake",
        "Busty",
        "Cheating",
        "Creampie",
        "Group",
        "Heart Pupils",
        "Hentai",
        "Ponytail",
        "Pubic Hair",
        "Schoolgirl Outfit",
        "Uncensored",
        "Unlimited",
        "X-Ray"
    ],
    "Pages": "8 pages",
    "OfficialSource": ""
}