{
    "Title": "When All Three Come Along, Things Get Rowdy",
    "Artist": "Akishiro Akino",
    "Circle": "",
    "Magazine": "COMIC X-Eros #88",
    "Parody": "Original Work",
    "Tags": [
        "Blowjob",
        "Booty",
        "Creampie",
        "Eyepatch",
        "Face Mask",
        "FFFM Foursome",
        "Group",
        "Hentai",
        "Huge Boobs",
        "Impregnation",
        "Petite",
        "Pubic Hair",
        "Schoolgirl Outfit",
        "Socks",
        "Twintails",
        "Uncensored",
        "Unlimited",
        "X-Ray"
    ],
    "Pages": "24 pages",
    "OfficialSource": ""
}