{
    "Title": "Your Wish, My Wish",
    "Artist": "Akishiro Akino",
    "Circle": "",
    "Magazine": "COMIC X-Eros #81",
    "Parody": "Original Work",
    "Tags": [
        "Anal",
        "Beauty Mark",
        "Blowjob",
        "Booty",
        "Cheating",
        "Creampie",
        "Dark Skin",
        "Deepthroat",
        "Double Penetration",
        "FFM Threesome",
        "Futanari",
        "Group",
        "Handjob",
        "Hentai",
        "Huge Boobs",
        "Impregnation",
        "Incest",
        "Monster Girl",
        "Pubic Hair",
        "Swimsuit",
        "Uncensored",
        "Unlimited",
        "X-Ray"
    ],
    "Pages": "24 pages",
    "OfficialSource": ""
}