{
    "Title": "After The Mistaken Wager",
    "Artist": "Aiya",
    "Circle": "",
    "Magazine": "COMIC Kairakuten 2018-04",
    "Parody": "Original Work",
    "Tags": [
        "Blowjob",
        "Busty",
        "Cheating",
        "Creampie",
        "Heart Pupils",
        "Hentai",
        "Housewife",
        "Milf",
        "Netorare",
        "Netori",
        "Ponytail",
        "Uncensored",
        "Unlimited",
        "X-Ray"
    ],
    "Pages": "20 pages",
    "OfficialSource": ""
}