{
    "Title": "Anytime, Anywhere, with Anyone",
    "Artist": "Aiya",
    "Circle": "",
    "Magazine": "COMIC Kairakuten 2017-01",
    "Parody": "Original Work",
    "Tags": [
        "Ahegao",
        "Anal",
        "Big Dick",
        "Blowjob",
        "Busty",
        "Cheating",
        "Creampie",
        "Double Penetration",
        "Filming",
        "Fingering",
        "Group",
        "Heart Pupils",
        "Hentai",
        "MMF Threesome",
        "Netorare",
        "Swimsuit",
        "Uncensored",
        "Unlimited",
        "Voyeurism",
        "X-Ray"
    ],
    "Pages": "20 pages",
    "OfficialSource": ""
}