{
    "Title": "Housewife’s Secret",
    "Artist": "Aiya",
    "Circle": "",
    "Magazine": "COMIC Kairakuten 2019-08",
    "Parody": "Original Work",
    "Tags": [
        "Busty",
        "Cheating",
        "Condom",
        "Creampie",
        "Cunnilingus",
        "Exhibitionism",
        "Heart Pupils",
        "Hentai",
        "Housewife",
        "Masturbation",
        "Netorare",
        "Ponytail",
        "Squirting",
        "Uncensored",
        "Voyeurism",
        "X-Ray"
    ],
    "Pages": "20 pages",
    "OfficialSource": ""
}