{
    "Title": "I Got Stood Up, So...",
    "Artist": "Aiya",
    "Circle": "",
    "Magazine": "Comic Kairakuten 2022-08",
    "Parody": "Original Work",
    "Tags": [
        "Ahegao",
        "Big Dick",
        "Cheating",
        "Creampie",
        "Filming",
        "Fingering",
        "Forced",
        "Heart Pupils",
        "Hentai",
        "Light Hair",
        "Netorare",
        "Petite",
        "Short Hair",
        "Socks",
        "Squirting",
        "Stockings",
        "Uncensored",
        "Unlimited",
        "X-Ray"
    ],
    "Pages": "20 pages",
    "OfficialSource": "fakku.net"
}