{
    "Title": "Middle Daughter's Circumstances",
    "Artist": "Aiya",
    "Circle": "",
    "Magazine": "COMIC Kairakuten 2018-07",
    "Parody": "Original Work",
    "Tags": [
        "Big Dick",
        "Busty",
        "Cheating",
        "Creampie",
        "Cunnilingus",
        "Fingering",
        "Heart Pupils",
        "Hentai",
        "Netori",
        "Ponytail",
        "Socks",
        "Uncensored",
        "Unlimited",
        "X-Ray"
    ],
    "Pages": "20 pages",
    "OfficialSource": ""
}