{
    "Title": "Noa's Secret Broadcast",
    "Artist": "Aiya",
    "Circle": "",
    "Magazine": "Comic Kairakuten 2021-11",
    "Parody": "Original Work",
    "Tags": [
        "Ahegao",
        "Big Dick",
        "Blowjob",
        "Busty",
        "Creampie",
        "Face Mask",
        "Filming",
        "Heart Pupils",
        "Hentai",
        "Idol",
        "Masturbation",
        "Toys",
        "Uncensored",
        "Unlimited",
        "X-Ray"
    ],
    "Pages": "20 pages",
    "OfficialSource": ""
}