{
    "Title": "Nurse Call",
    "Artist": "Aiya",
    "Circle": "",
    "Magazine": "Comic Kairakuten 2022-10",
    "Parody": "Original Work",
    "Tags": [
        "Ahegao",
        "Beauty Mark",
        "Blowjob",
        "Busty",
        "Cheating",
        "Creampie",
        "Heart Pupils",
        "Hentai",
        "Mating Press",
        "Nurse",
        "Stockings",
        "Uncensored",
        "Unlimited",
        "X-Ray"
    ],
    "Pages": "16 pages",
    "OfficialSource": "fakku.net"
}