{
    "Title": "Please Teach Me, Kana-chan!",
    "Artist": "Aiya",
    "Circle": "",
    "Magazine": "COMIC Kairakuten 2020-11",
    "Parody": "Original Work",
    "Tags": [
        "Ahegao",
        "Big Dick",
        "Creampie",
        "Exhibitionism",
        "Fingering",
        "Forced",
        "Heart Pupils",
        "Hentai",
        "Inseki",
        "Loli",
        "Petite",
        "Ponytail",
        "Uncensored",
        "Unlimited",
        "X-Ray"
    ],
    "Pages": "20 pages",
    "OfficialSource": ""
}