{
    "Title": "Sugar D ❤",
    "Artist": "Aiya",
    "Circle": "",
    "Magazine": "Comic Kairakuten 2022-04",
    "Parody": "Original Work",
    "Tags": [
        "Ahegao",
        "Big Dick",
        "Blowjob",
        "Busty",
        "Cheating",
        "Creampie",
        "Delinquent",
        "Fangs",
        "Heart Pupils",
        "Hentai",
        "Kogal",
        "Love Hotel",
        "Schoolgirl Outfit",
        "Socks",
        "Uncensored",
        "Unlimited",
        "X-Ray"
    ],
    "Pages": "20 pages",
    "OfficialSource": ""
}