{
    "Title": "What's Necessary to a Girl",
    "Artist": "Aiya",
    "Circle": "",
    "Magazine": "COMIC Kairakuten 2017-04",
    "Parody": "Original Work",
    "Tags": [
        "Creampie",
        "Filming",
        "Fingering",
        "Forced",
        "Glasses",
        "Heart Pupils",
        "Hentai",
        "Masturbation",
        "Teacher",
        "Ugly Bastard",
        "Uncensored",
        "Unlimited",
        "Voyeurism",
        "X-Ray"
    ],
    "Pages": "20 pages",
    "OfficialSource": ""
}