{
    "Title": "Wife Snatch",
    "Artist": "Aiya",
    "Circle": "",
    "Magazine": "COMIC Kairakuten 2020-03",
    "Parody": "Original Work",
    "Tags": [
        "Ahegao",
        "Big Dick",
        "Creampie",
        "Fingering",
        "Heart Pupils",
        "Hentai",
        "Historical",
        "Kimono",
        "Netorare",
        "Petite",
        "Socks",
        "Uncensored",
        "Unlimited",
        "Voyeurism",
        "X-Ray"
    ],
    "Pages": "20 pages",
    "OfficialSource": ""
}