{
    "Title": "Year-End Party",
    "Artist": "Aiya",
    "Circle": "",
    "Magazine": "COMIC Kairakuten 2021-02",
    "Parody": "Original Work",
    "Tags": [
        "Big Dick",
        "Blowjob",
        "Busty",
        "Cheating",
        "Creampie",
        "Fingering",
        "Forced",
        "Group",
        "Heart Pupils",
        "Hentai",
        "Housewife",
        "Paizuri",
        "Uncensored",
        "Unlimited",
        "X-Ray"
    ],
    "Pages": "20 pages",
    "OfficialSource": ""
}