{
    "Title": "Youngest Daughter's Circumstances",
    "Artist": "Aiya",
    "Circle": "",
    "Magazine": "COMIC Kairakuten 2018-10",
    "Parody": "Original Work",
    "Tags": [
        "Ahegao",
        "Blowjob",
        "Cheating",
        "Cunnilingus",
        "Forced",
        "Heart Pupils",
        "Hentai",
        "Netorare",
        "Petite",
        "Schoolgirl Outfit",
        "Uncensored",
        "Unlimited",
        "Voyeurism",
        "X-Ray"
    ],
    "Pages": "20 pages",
    "OfficialSource": ""
}