{
    "Title": "Hypnotism Assault Academy",
    "Artist": "Akiba Maou",
    "Circle": "[email protected][email protected]",
    "Magazine": "",
    "Parody": "Original Work",
    "Tags": [
        "Ahegao",
        "Blowjob",
        "Booty",
        "Busty",
        "Doujin",
        "Footjob",
        "Glasses",
        "Group",
        "Handjob",
        "Harem",
        "Heart Pupils",
        "Hentai",
        "Huge Boobs",
        "Ponytail",
        "Pubic Hair",
        "Schoolgirl Outfit",
        "Socks",
        "Squirting",
        "Stockings",
        "Ugly Bastard",
        "Uncensored"
    ],
    "Pages": "44 pages",
    "OfficialSource": "fakku.net"
}