{
    "Title": "My Beloved Senpai",
    "Artist": "Aka Seiryuu",
    "Circle": "",
    "Magazine": "COMIC X-Eros #84",
    "Parody": "Original Work",
    "Tags": [
        "Ahegao",
        "Big Dick",
        "Booty",
        "Busty",
        "Creampie",
        "Deepthroat",
        "Exhibitionism",
        "Fingering",
        "Heart Pupils",
        "Hentai",
        "Netorare",
        "Netorase",
        "Schoolgirl Outfit",
        "Stockings",
        "Teacher",
        "Toys",
        "Ugly Bastard",
        "Uncensored",
        "Unlimited",
        "Voyeurism",
        "X-Ray"
    ],
    "Pages": "24 pages",
    "OfficialSource": ""
}