{
    "Title": "Return Mama",
    "Artist": "Aka Seiryuu",
    "Circle": "",
    "Magazine": "Comic Kairakuten 2022-10",
    "Parody": "Original Work",
    "Tags": [
        "Ahegao",
        "Blowjob",
        "Bondage",
        "Busty",
        "Creampie",
        "Filming",
        "Group",
        "Hentai",
        "Lingerie",
        "Mating Press",
        "Milf",
        "MMMF Foursome",
        "Pubic Hair",
        "Squirting",
        "Stockings",
        "Toys",
        "Uncensored",
        "Unlimited"
    ],
    "Pages": "22 pages",
    "OfficialSource": "fakku.net"
}