{
    "Title": "Stubborn Siblings",
    "Artist": "Aka Seiryuu",
    "Circle": "",
    "Magazine": "COMIC X-Eros #82",
    "Parody": "Original Work",
    "Tags": [
        "Ahegao",
        "Booty",
        "Busty",
        "Creampie",
        "Deepthroat",
        "Fingering",
        "Heart Pupils",
        "Hentai",
        "Incest",
        "Schoolgirl Outfit",
        "Socks",
        "Squirting",
        "Tsundere",
        "Twintails",
        "Uncensored",
        "Unlimited",
        "X-Ray"
    ],
    "Pages": "22 pages",
    "OfficialSource": ""
}