{
    "Title": "Losing My Virginity to the Housewife Next Door",
    "Artist": "AkaP",
    "Circle": "RED Paprika",
    "Magazine": "",
    "Parody": "Original Work",
    "Tags": [
        "Ahegao",
        "Beauty Mark",
        "Blowjob",
        "Booty",
        "Busty",
        "Cheating",
        "Creampie",
        "Doujin",
        "Hentai",
        "Housewife",
        "Impregnation",
        "Leg Lock",
        "Squirting",
        "Uncensored",
        "X-Ray"
    ],
    "Pages": "28 pages",
    "OfficialSource": ""
}