{
    "Title": "Notice Me, Ayu",
    "Artist": "AkaP",
    "Circle": "RED Paprika",
    "Magazine": "",
    "Parody": "Original Work",
    "Tags": [
        "Ahegao",
        "Anal",
        "Beauty Mark",
        "Biting",
        "Blowjob",
        "Booty",
        "Bukkake",
        "Busty",
        "Creampie",
        "Crossdressing",
        "Doujin",
        "Femboy",
        "Handjob",
        "Hentai",
        "Inseki",
        "Maid",
        "Ponytail",
        "Shota",
        "Squirting",
        "Tsundere",
        "Uncensored",
        "X-Ray"
    ],
    "Pages": "54 pages",
    "OfficialSource": ""
}