{
    "Title": "Notice Me, Ayu 2",
    "Artist": "AkaP",
    "Circle": "RED Paprika",
    "Magazine": "",
    "Parody": "Original Work",
    "Tags": [
        "Ahegao",
        "Beauty Mark",
        "Blowjob",
        "Booty",
        "Busty",
        "Creampie",
        "Doujin",
        "Facesitting",
        "Femboy",
        "Femdom",
        "Hentai",
        "Inseki",
        "Lingerie",
        "Love Hotel",
        "Paizuri",
        "Shota",
        "Sixty-Nine",
        "Squirting",
        "Uncensored",
        "X-Ray"
    ],
    "Pages": "53 pages",
    "OfficialSource": ""
}