{
    "Title": "Inseminators for Hire 2",
    "Artist": "Abe Inori",
    "Circle": "Himeya",
    "Magazine": "",
    "Parody": "Original Work",
    "Tags": [
        "Anal",
        "Big Dick",
        "Blowjob",
        "Cheating",
        "Creampie",
        "Double Penetration",
        "Doujin",
        "Heart Pupils",
        "Hentai",
        "Housewife",
        "Huge Boobs",
        "Love Hotel",
        "Netorare",
        "Paizuri",
        "Toys",
        "Ugly Bastard",
        "Uncensored",
        "X-Ray"
    ],
    "Pages": "43 pages",
    "OfficialSource": ""
}