{
    "Title": "Inseminators for Hire: The Wanking Dead",
    "Artist": "Abe Inori",
    "Circle": "Himeya",
    "Magazine": "",
    "Parody": "Original Work",
    "Tags": [
        "Big Dick",
        "Blowjob",
        "Creampie",
        "Doujin",
        "Handjob",
        "Hentai",
        "Horror",
        "Huge Boobs",
        "Kimono",
        "Monster Girl",
        "Paizuri",
        "Spirit",
        "Ugly Bastard",
        "Uncensored",
        "X-Ray"
    ],
    "Pages": "39 pages",
    "OfficialSource": ""
}