{
    "Title": "My Wife's Unforgettable First",
    "Artist": "Abe Inori",
    "Circle": "Himeya",
    "Magazine": "",
    "Parody": "Original Work",
    "Tags": [
        "Ahegao",
        "Big Dick",
        "Blowjob",
        "Booty",
        "Cheating",
        "Creampie",
        "Dark Skin",
        "Doujin",
        "Hentai",
        "Housewife",
        "Huge Boobs",
        "Love Hotel",
        "Netorare",
        "Teacher",
        "Ugly Bastard",
        "Uncensored",
        "X-Ray"
    ],
    "Pages": "39 pages",
    "OfficialSource": ""
}