{
    "Title": "Rika's Sex Den - The Life of a Runaway Freeloader",
    "Artist": "Abe Inori",
    "Circle": "Himeya",
    "Magazine": "",
    "Parody": "Original Work",
    "Tags": [
        "Ahegao",
        "Anal",
        "Blowjob",
        "Booty",
        "Bukkake",
        "Creampie",
        "Double Penetration",
        "Doujin",
        "Group",
        "Heart Pupils",
        "Hentai",
        "Huge Boobs",
        "Uncensored",
        "X-Ray"
    ],
    "Pages": "27 pages",
    "OfficialSource": ""
}