{
    "Title": "The Wife Next Door is a Succubus",
    "Artist": "Abe Inori",
    "Circle": "Himyea",
    "Magazine": "",
    "Parody": "Original Work",
    "Tags": [
        "Blowjob",
        "Booty",
        "Cheating",
        "Chubby",
        "Creampie",
        "Doujin",
        "Fangs",
        "Heart Pupils",
        "Hentai",
        "Horns",
        "Housewife",
        "Huge Boobs",
        "Monster Girl",
        "Orgasm Denial",
        "Pubic Hair",
        "Stockings",
        "Succubus",
        "Uncensored",
        "X-Ray"
    ],
    "Pages": "41 pages",
    "OfficialSource": ""
}