{
    "Title": "The Little Samurai's Oni Conquest",
    "Artist": "Amagaeru",
    "Circle": "",
    "Magazine": "Girls forM Vol.14",
    "Parody": "Original Work",
    "Tags": [
        "Big Dick",
        "Busty",
        "Creampie",
        "Fangs",
        "Fantasy",
        "Femdom",
        "Hentai",
        "Horns",
        "Kimono",
        "Monster Girl",
        "Oni",
        "Ponytail",
        "Uncensored",
        "Unlimited",
        "X-Ray"
    ],
    "Pages": "22 pages",
    "OfficialSource": ""
}