{
    "Title": "I Fucked an Air-Headed Girl with Big Boobs Silly and Turned Her into My Personal Cum-Dumpster!",
    "Artist": "23",
    "Circle": "Triangle!",
    "Magazine": "",
    "Parody": "Original Work",
    "Tags": [
        "Busty",
        "Cheating",
        "Color",
        "Creampie",
        "Doujin",
        "Hentai",
        "Humiliation",
        "Lingerie",
        "Netori",
        "Office Lady",
        "Uncensored",
        "X-Ray"
    ],
    "Pages": "20 pages",
    "OfficialSource": ""
}