{
    "Title": "The Student Council's Demand 2",
    "Artist": "8000",
    "Circle": "8cm",
    "Magazine": "",
    "Parody": "Original Work",
    "Tags": [
        "Ahegao",
        "Blowjob",
        "Booty",
        "Busty",
        "Cheating",
        "Creampie",
        "Doujin",
        "Eyebrows",
        "Femboy",
        "Femdom",
        "Glasses",
        "Handjob",
        "Heart Pupils",
        "Hentai",
        "Huge Boobs",
        "Inverted Nipples",
        "Netorare",
        "Ojou-Sama",
        "Paizuri",
        "Swimsuit",
        "Uncensored",
        "X-Ray"
    ],
    "Pages": "35 pages",
    "OfficialSource": ""
}