{
    "Title": "The Student Council's Demand 3",
    "Artist": "8000",
    "Circle": "8cm",
    "Magazine": "",
    "Parody": "Original Work",
    "Tags": [
        "Ahegao",
        "Busty",
        "Cheating",
        "Creampie",
        "Cunnilingus",
        "Doujin",
        "Facesitting",
        "Femboy",
        "Femdom",
        "Glasses",
        "Handjob",
        "Heart Pupils",
        "Hentai",
        "Netorare",
        "Ojou-Sama",
        "Orgasm Denial",
        "Ponytail",
        "Sportswear",
        "Squirting",
        "Stockings",
        "Swimsuit",
        "Uncensored",
        "X-Ray"
    ],
    "Pages": "33 pages",
    "OfficialSource": ""
}