{
    "Title": "Melting in the Heat",
    "Artist": "Ababari",
    "Circle": "",
    "Magazine": "Comic X-Eros #100",
    "Parody": "Original Work",
    "Tags": [
        "Ahegao",
        "BDSM",
        "Beauty Mark",
        "Blindfold",
        "Creampie",
        "Deepthroat",
        "Fingering",
        "Foreigner",
        "Heart Pupils",
        "Hentai",
        "Kuudere",
        "Light Hair",
        "Lingerie",
        "Office Lady",
        "Orgasm Denial",
        "Ponytail",
        "Squirting",
        "Toys",
        "Uncensored",
        "Unlimited",
        "X-Ray"
    ],
    "Pages": "28 pages",
    "OfficialSource": "fakku.net"
}