{
    "Title": "The Greedy Merchant Who Lost Everything and Needs Money",
    "Artist": "35 Machi",
    "Circle": "",
    "Magazine": "Isekairakuten Vol.18",
    "Parody": "Original Work",
    "Tags": [
        "Big Dick",
        "Blowjob",
        "Creampie",
        "Fangs",
        "Fantasy",
        "Fingering",
        "Heart Pupils",
        "Hentai",
        "Light Hair",
        "Monster Girl",
        "Petite",
        "Squirting",
        "Tsundere",
        "Uncensored",
        "Unlimited",
        "Vanilla",
        "X-Ray"
    ],
    "Pages": "20 pages",
    "OfficialSource": "fakku.net"
}