{
    "Title": "You Have Been Chosen to Be Wed into the Dragon Clan!",
    "Artist": "35 Machi",
    "Circle": "",
    "Magazine": "Isekairakuten Vol.13",
    "Parody": "Original Work",
    "Tags": [
        "Blowjob",
        "Busty",
        "Creampie",
        "Dark Skin",
        "Fangs",
        "Fantasy",
        "FFM Threesome",
        "Group",
        "Hentai",
        "Horns",
        "Inverted Nipples",
        "Light Hair",
        "Monster Girl",
        "Paizuri",
        "Stockings",
        "Uncensored",
        "Unlimited",
        "Vanilla",
        "Very Long Hair",
        "X-Ray"
    ],
    "Pages": "26 pages",
    "OfficialSource": "fakku.net"
}