{
    "Title": "Bug Zapper",
    "Artist": "40010 Prototype",
    "Circle": "",
    "Magazine": "COMIC Kairakuten 2015-12",
    "Parody": "Original Work",
    "Tags": [
        "Biting",
        "Blindfold",
        "Bondage",
        "Creampie",
        "Cunnilingus",
        "Facesitting",
        "Femdom",
        "Footjob",
        "Hentai",
        "Humiliation",
        "Ojou-Sama",
        "Petite",
        "Schoolgirl Outfit",
        "Stockings",
        "Ugly Bastard",
        "Uncensored",
        "Unlimited",
        "Yandere"
    ],
    "Pages": "18 pages",
    "OfficialSource": ""
}