{
    "Title": "Koyori Report",
    "Artist": "40010 Prototype",
    "Circle": "",
    "Magazine": "COMIC Kairakuten 2016-05",
    "Parody": "Original Work",
    "Tags": [
        "Bathroom",
        "Blowjob",
        "Creampie",
        "Cunnilingus",
        "Fingering",
        "Handjob",
        "Hentai",
        "Kogal",
        "Pantyhose",
        "Pubic Hair",
        "Stockings",
        "Uncensored",
        "Unlimited",
        "Vanilla",
        "X-Ray"
    ],
    "Pages": "24 pages",
    "OfficialSource": ""
}