{
    "Title": "Loose Yui",
    "Artist": "40010 Prototype",
    "Circle": "",
    "Magazine": "COMIC Kairakuten 2015-08",
    "Parody": "Original Work",
    "Tags": [
        "Ahegao",
        "Blowjob",
        "Condom",
        "Exhibitionism",
        "Femdom",
        "Handjob",
        "Hentai",
        "Masturbation",
        "Petite",
        "Pubic Hair",
        "Schoolgirl Outfit",
        "Teacher",
        "Uncensored",
        "Unlimited"
    ],
    "Pages": "24 pages",
    "OfficialSource": ""
}