{
    "Title": "Short Cat Girl",
    "Artist": "40010 Prototype",
    "Circle": "",
    "Magazine": "COMIC Kairakuten 2019-11",
    "Parody": "Original Work",
    "Tags": [
        "Bukkake",
        "Creampie",
        "Cunnilingus",
        "Delinquent",
        "Exhibitionism",
        "Facesitting",
        "Femdom",
        "Filming",
        "Hentai",
        "Masturbation",
        "Petite",
        "Schoolgirl Outfit",
        "Socks",
        "Squirting",
        "Uncensored",
        "Unlimited",
        "X-Ray"
    ],
    "Pages": "29 pages",
    "OfficialSource": ""
}