{
    "Title": "Yui Shizuku",
    "Artist": "40010 Prototype",
    "Circle": "",
    "Magazine": "COMIC Kairakuten 2018-10",
    "Parody": "Original Work",
    "Tags": [
        "Blowjob",
        "Busty",
        "Creampie",
        "Cunnilingus",
        "Exhibitionism",
        "Femdom",
        "Filming",
        "Handjob",
        "Harem",
        "Hentai",
        "Kogal",
        "Lingerie",
        "Pubic Hair",
        "Rimjob",
        "Schoolgirl Outfit",
        "Uncensored",
        "Unlimited"
    ],
    "Pages": "28 pages",
    "OfficialSource": ""
}