{
    "Title": "Let Me In?",
    "Artist": "A-10",
    "Circle": "",
    "Magazine": "COMIC X-Eros #50",
    "Parody": "Original Work",
    "Tags": [
        "Biting",
        "Blowjob",
        "Booty",
        "Busty",
        "Creampie",
        "Deepthroat",
        "Fangs",
        "Glasses",
        "Hentai",
        "Lingerie",
        "Monster Girl",
        "Muscles",
        "Paizuri",
        "Pubic Hair",
        "Uncensored",
        "Unlimited",
        "Vanilla"
    ],
    "Pages": "24 pages",
    "OfficialSource": ""
}